,Unnamed: 0,CAND_ID,CAND_NAME,CAND_OFFICE,CAND_ICI,STATE_FULL,PARTY_FULL,CAND_FIRST,CAND_LAST,SEARCH_QUERY,SEARCH_QUERY_W_STATE,SEARCH_URLS
3000,3000,H2NC12252,"GENTLE, TERRY D MR",House,Challenger,North Carolina,Republican Party,Terry,Gentle,Terry_Gentle,Terry_Gentle_(North Carolina),https://ballotpedia.org/Terry_Gentle
3001,3001,H2NC13110,"HOLDING, GEORGE E MR.",House,Challenger,North Carolina,Republican Party,George,Holding,George_Holding,George_Holding_(North Carolina),https://ballotpedia.org/George_Holding
3002,3002,H2NC13151,"BREWSTER, BILLY JOE",House,Open seat,North Carolina,Republican Party,Billy,Brewster,Billy_Brewster,Billy_Brewster_(North Carolina),https://ballotpedia.org/Billy_Brewster
3003,3003,H2NC13169,"BOYKIN, PETER ROBERT",House,Open seat,North Carolina,Republican Party,Peter,Boykin,Peter_Boykin,Peter_Boykin_(North Carolina),https://ballotpedia.org/Peter_Boykin
3004,3004,H2NC13177,"HAFF, GRAYSON",House,Open seat,North Carolina,Republican Party,Grayson,Haff,Grayson_Haff,Grayson_Haff_(North Carolina),https://ballotpedia.org/Grayson_Haff
3005,3005,H2NC13185,"GEELS, COURTNEY JOELE",House,Open seat,North Carolina,Republican Party,Courtney,Geels,Courtney_Geels,Courtney_Geels_(North Carolina),https://ballotpedia.org/Courtney_Geels
3006,3006,H2NC13193,"KEIRSEY, KENT",House,Open seat,North Carolina,Republican Party,Kent,Keirsey,Kent_Keirsey,Kent_Keirsey_(North Carolina),https://ballotpedia.org/Kent_Keirsey
3007,3007,H2NC13201,"BENTLEY, KAREN W",House,Open seat,North Carolina,Republican Party,Karen,Bentley,Karen_Bentley,Karen_Bentley_(North Carolina),https://ballotpedia.org/Karen_Bentley
3008,3008,H2NC13227,"ANERALLA, JOHN",House,Open seat,North Carolina,Republican Party,John,Aneralla,John_Aneralla,John_Aneralla_(North Carolina),https://ballotpedia.org/John_Aneralla
3009,3009,H2NC13235,"GENANT, PAMELA",House,Open seat,North Carolina,Democratic Party,Pamela,Genant,Pamela_Genant,Pamela_Genant_(North Carolina),https://ballotpedia.org/Pamela_Genant
3010,3010,H2NC13243,"HARRIGAN, PAT",House,Open seat,North Carolina,Republican Party,Pat,Harrigan,Pat_Harrigan,Pat_Harrigan_(North Carolina),https://ballotpedia.org/Pat_Harrigan
3011,3011,H2NC13268,"MOREL, JESSICA",House,Open seat,North Carolina,Republican Party,Jessica,Morel,Jessica_Morel,Jessica_Morel_(North Carolina),https://ballotpedia.org/Jessica_Morel
3012,3012,H2NC13276,"BOWLES, JAMIE CAMPBELL MS.",House,,North Carolina,Democratic Party,Jamie,Bowles,Jamie_Bowles,Jamie_Bowles_(North Carolina),https://ballotpedia.org/Jamie_Bowles
3013,3013,H2NC14019,"NICKEL, WILEY",House,Open seat,North Carolina,Democratic Party,Wiley,Nickel,Wiley_Nickel,Wiley_Nickel_(North Carolina),https://ballotpedia.org/Wiley_Nickel
3014,3014,H2NC14027,"CLICK, NATHAN",House,Challenger,North Carolina,Democratic Party,Nathan,Click,Nathan_Click,Nathan_Click_(North Carolina),https://ballotpedia.org/Nathan_Click
3015,3015,H2NC14035,"WOODHOUSE, MICHELE V",House,Challenger,North Carolina,Republican Party,Michele,Woodhouse,Michele_Woodhouse,Michele_Woodhouse_(North Carolina),https://ballotpedia.org/Michele_Woodhouse
3016,3016,H2NC14050,"EDWARDS, CHUCK",House,Challenger,North Carolina,Republican Party,Chuck,Edwards,Chuck_Edwards,Chuck_Edwards_(North Carolina),https://ballotpedia.org/Chuck_Edwards
3017,3017,H2NC14068,"MCKIM, KEN",House,Open seat,North Carolina,Republican Party,Ken,Mckim,Ken_Mckim,Ken_Mckim_(North Carolina),https://ballotpedia.org/Ken_Mckim
3018,3018,H2NC14076,"JACKSON, JEFF",House,Open seat,North Carolina,Democratic Party,Jeff,Jackson,Jeff_Jackson,Jeff_Jackson_(North Carolina),https://ballotpedia.org/Jeff_Jackson
3019,3019,H2NC14084,"SIMPSON, JONATHAN DAVID",House,Open seat,North Carolina,Republican Party,Jonathan,Simpson,Jonathan_Simpson,Jonathan_Simpson_(North Carolina),https://ballotpedia.org/Jonathan_Simpson
3020,3020,H2ND00123,"GOETTLE, SHANE CHRISTOPHER",House,Open seat,North Dakota,Republican Party,Shane,Goettle,Shane_Goettle,Shane_Goettle_(North Dakota),https://ballotpedia.org/Shane_Goettle
3021,3021,H2ND00131,"KOPPELMAN, KIM A",House,Open seat,North Dakota,Republican Party,Kim,Koppelman,Kim_Koppelman,Kim_Koppelman_(North Dakota),https://ballotpedia.org/Kim_Koppelman
3022,3022,H2ND01014,"HAUGEN, MARK",House,Challenger,North Dakota,Democratic Party,Mark,Haugen,Mark_Haugen,Mark_Haugen_(North Dakota),https://ballotpedia.org/Mark_Haugen
3023,3023,H2NE01092,"PANSING BROOKS, PATTY",House,Challenger,Nebraska,Democratic Party,Patty,Pansing brooks,Patty_Pansing brooks,Patty_Pansing brooks_(Nebraska),https://ballotpedia.org/Patty_Pansing brooks
3024,3024,H2NE01100,"ZAKARIA, JOSEPH KUAL MR.",House,Challenger,Nebraska,Democratic Party,Joseph,Zakaria,Joseph_Zakaria,Joseph_Zakaria_(Nebraska),https://ballotpedia.org/Joseph_Zakaria
3025,3025,H2NE01118,"FLOOD, MIKE",House,Challenger,Nebraska,Republican Party,Mike,Flood,Mike_Flood,Mike_Flood_(Nebraska),https://ballotpedia.org/Mike_Flood
3026,3026,H2NE01126,"WEYER, DANIEL FRED",House,Challenger,Nebraska,New Alliance,Daniel,Weyer,Daniel_Weyer,Daniel_Weyer_(Nebraska),https://ballotpedia.org/Daniel_Weyer
3027,3027,H2NE01159,"WEAVER, JOHN GLEN LTCOL RET.",House,Challenger,Nebraska,Republican Party,John,Weaver,John_Weaver,John_Weaver_(Nebraska),https://ballotpedia.org/John_Weaver
3028,3028,H2NE01183,"CONNELY, THIREENA YUKI",House,,Nebraska,Republican Party,Thireena,Connely,Thireena_Connely,Thireena_Connely_(Nebraska),https://ballotpedia.org/Thireena_Connely
3029,3029,H2NE01191,"HUFFMAN, CURTIS D",House,,Nebraska,Republican Party,Curtis,Huffman,Curtis_Huffman,Curtis_Huffman_(Nebraska),https://ballotpedia.org/Curtis_Huffman
3030,3030,H2NE02124,"SHELTON, ALISHA",House,Challenger,Nebraska,Democratic Party,Alisha,Shelton,Alisha_Shelton,Alisha_Shelton_(Nebraska),https://ballotpedia.org/Alisha_Shelton
3031,3031,H2NE02132,"VARGAS, ANTHONY 'TONY'",House,Challenger,Nebraska,Democratic Party,Anthony,Vargas,Anthony_Vargas,Anthony_Vargas_(Nebraska),https://ballotpedia.org/Anthony_Vargas
3032,3032,H2NE02140,"WILLIAMS, CORNELIUS F",House,Challenger,Nebraska,Democratic Party,Cornelius,Williams,Cornelius_Williams,Cornelius_Williams_(Nebraska),https://ballotpedia.org/Cornelius_Williams
3033,3033,H2NE02157,"KUEHL, STEPHEN MATTHEW MR",House,Challenger,Nebraska,Republican Party,Stephen,Kuehl,Stephen_Kuehl,Stephen_Kuehl_(Nebraska),https://ballotpedia.org/Stephen_Kuehl
3034,3034,H2NE03056,"WIK, DANIEL MARTIN MD",House,Challenger,Nebraska,Democratic Party,Daniel,Wik,Daniel_Wik,Daniel_Wik_(Nebraska),https://ballotpedia.org/Daniel_Wik
3035,3035,H2NE03064,"CALHOUN, MIKE",House,,Nebraska,Republican Party,Mike,Calhoun,Mike_Calhoun,Mike_Calhoun_(Nebraska),https://ballotpedia.org/Mike_Calhoun
3036,3036,H2NH00025,"BURNS, ROBERT ANDREW MR.",House,Challenger,New Hampshire,Republican Party,Robert,Burns,Robert_Burns,Robert_Burns_(New Hampshire),https://ballotpedia.org/Robert_Burns
3037,3037,H2NH01254,"ACCIARD, JULIAN MARC",House,Challenger,New Hampshire,Republican Party,Julian,Acciard,Julian_Acciard,Julian_Acciard_(New Hampshire),https://ballotpedia.org/Julian_Acciard
3038,3038,H2NH01262,"BAXTER, TIM",House,Challenger,New Hampshire,Republican Party,Tim,Baxter,Tim_Baxter,Tim_Baxter_(New Hampshire),https://ballotpedia.org/Tim_Baxter
3039,3039,H2NH01270,"LEAVITT, KAROLINE",House,Challenger,New Hampshire,Republican Party,Karoline,Leavitt,Karoline_Leavitt,Karoline_Leavitt_(New Hampshire),https://ballotpedia.org/Karoline_Leavitt
3040,3040,H2NH01288,"HUFF BROWN, GAIL",House,Challenger,New Hampshire,Republican Party,Gail,Huff brown,Gail_Huff brown,Gail_Huff brown_(New Hampshire),https://ballotpedia.org/Gail_Huff brown
3041,3041,H2NH01296,"KILBANE, MARK",House,Challenger,New Hampshire,Republican Party,Mark,Kilbane,Mark_Kilbane,Mark_Kilbane_(New Hampshire),https://ballotpedia.org/Mark_Kilbane
3042,3042,H2NH02211,"BRYK, WILLIAM MICHAEL",House,Challenger,New Hampshire,Democratic Party,William,Bryk,William_Bryk,William_Bryk_(New Hampshire),https://ballotpedia.org/William_Bryk
3043,3043,H2NH02229,"POIRIER, DEAN ALLAN MR",House,Challenger,New Hampshire,Republican Party,Dean,Poirier,Dean_Poirier,Dean_Poirier_(New Hampshire),https://ballotpedia.org/Dean_Poirier
3044,3044,H2NH02237,"GREESON, JEFFREY",House,Challenger,New Hampshire,Republican Party,Jeffrey,Greeson,Jeffrey_Greeson,Jeffrey_Greeson_(New Hampshire),https://ballotpedia.org/Jeffrey_Greeson
3045,3045,H2NH02245,"COZZENS, JEFF",House,Challenger,New Hampshire,Republican Party,Jeff,Cozzens,Jeff_Cozzens,Jeff_Cozzens_(New Hampshire),https://ballotpedia.org/Jeff_Cozzens
3046,3046,H2NH02252,"RIDDLE, JASON DANIEL",House,Challenger,New Hampshire,Republican Party,Jason,Riddle,Jason_Riddle,Jason_Riddle_(New Hampshire),https://ballotpedia.org/Jason_Riddle
3047,3047,H2NH02260,"WILLIAMS, LILY TANG",House,Challenger,New Hampshire,Republican Party,Lily,Williams,Lily_Williams,Lily_Williams_(New Hampshire),https://ballotpedia.org/Lily_Williams
3048,3048,H2NH02286,"BLACK, SCOTT",House,Challenger,New Hampshire,Republican Party,Scott,Black,Scott_Black,Scott_Black_(New Hampshire),https://ballotpedia.org/Scott_Black
3049,3049,H2NH14018,"CLAREMONT, MATHEW MR",House,,New Hampshire,Independent Conservative Democratic,Mathew,Claremont,Mathew_Claremont,Mathew_Claremont_(New Hampshire),https://ballotpedia.org/Mathew_Claremont
3050,3050,H2NH18019,"WEINBERG, ELIJAH MR",House,,New Hampshire,Independent Conservative Democratic,Elijah,Weinberg,Elijah_Weinberg,Elijah_Weinberg_(New Hampshire),https://ballotpedia.org/Elijah_Weinberg
3051,3051,H2NH18027,"GATES, DAVID MR",House,,New Hampshire,Independent Conservative Democratic,David,Gates,David_Gates,David_Gates_(New Hampshire),https://ballotpedia.org/David_Gates
3052,3052,H2NH29016,"MICHAEL, GIDEON MR",House,,New Hampshire,Independent Conservative Democratic,Gideon,Michael,Gideon_Michael,Gideon_Michael_(New Hampshire),https://ballotpedia.org/Gideon_Michael
3053,3053,H2NH59013,"JORDAN, BRENT MR",House,Challenger,New Hampshire,Independent Conservative Democratic,Brent,Jordan,Brent_Jordan,Brent_Jordan_(New Hampshire),https://ballotpedia.org/Brent_Jordan
3054,3054,H2NJ01120,"DESANTIS, MARIO",House,Challenger,New Jersey,Democratic Party,Mario,Desantis,Mario_Desantis,Mario_Desantis_(New Jersey),https://ballotpedia.org/Mario_Desantis
3055,3055,H2NJ01138,"PARK, CHARLES",House,Challenger,New Jersey,Independent,Charles,Park,Charles_Park,Charles_Park_(New Jersey),https://ballotpedia.org/Charles_Park
3056,3056,H2NJ01146,"DEANGELO, ELAINE LOUISE",House,Challenger,New Jersey,Republican Party,Elaine,Deangelo,Elaine_Deangelo,Elaine_Deangelo_(New Jersey),https://ballotpedia.org/Elaine_Deangelo
3057,3057,H2NJ01153,"KLINE, PATRICIA",House,Challenger,New Jersey,Independent,Patricia,Kline,Patricia_Kline,Patricia_Kline_(New Jersey),https://ballotpedia.org/Patricia_Kline
3058,3058,H2NJ01161,"FLETCHER, ISAIAH",House,,New Jersey,Libertarian Party,Isaiah,Fletcher,Isaiah_Fletcher,Isaiah_Fletcher_(New Jersey),https://ballotpedia.org/Isaiah_Fletcher
3059,3059,H2NJ01179,"FLETCHER, ISAIAH",House,,New Jersey,Libertarian Party,Isaiah,Fletcher,Isaiah_Fletcher,Isaiah_Fletcher_(New Jersey),https://ballotpedia.org/Isaiah_Fletcher
3060,3060,H2NJ02037,"LOBIONDO, FRANK A.",House,Incumbent,New Jersey,Republican Party,Frank,Lobiondo,Frank_Lobiondo,Frank_Lobiondo_(New Jersey),https://ballotpedia.org/Frank_Lobiondo
3061,3061,H2NJ02060,"BACON, ROGER",House,Challenger,New Jersey,Democratic Party,Roger,Bacon,Roger_Bacon,Roger_Bacon_(New Jersey),https://ballotpedia.org/Roger_Bacon
3062,3062,H2NJ02193,"ALEXANDER, TIMOTHY C",House,Challenger,New Jersey,Democratic Party,Timothy,Alexander,Timothy_Alexander,Timothy_Alexander_(New Jersey),https://ballotpedia.org/Timothy_Alexander
3063,3063,H2NJ02201,"TAVAREZ, HECTOR MR",House,Challenger,New Jersey,Democratic Party,Hector,Tavarez,Hector_Tavarez,Hector_Tavarez_(New Jersey),https://ballotpedia.org/Hector_Tavarez
3064,3064,H2NJ02219,"RUSH, CAROLYN",House,Challenger,New Jersey,Democratic Party,Carolyn,Rush,Carolyn_Rush,Carolyn_Rush_(New Jersey),https://ballotpedia.org/Carolyn_Rush
3065,3065,H2NJ02227,"GREEN, CURTIS REV",House,Challenger,New Jersey,Democratic Party,Curtis,Green,Curtis_Green,Curtis_Green_(New Jersey),https://ballotpedia.org/Curtis_Green
3066,3066,H2NJ02235,"HITCHNER, SCOTT JR",House,Challenger,New Jersey,Republican Party,Scott,Hitchner,Scott_Hitchner,Scott_Hitchner_(New Jersey),https://ballotpedia.org/Scott_Hitchner
3067,3067,H2NJ02243,"GALLO, MICHAEL",House,,New Jersey,Libertarian Party,Michael,Gallo,Michael_Gallo,Michael_Gallo_(New Jersey),https://ballotpedia.org/Michael_Gallo
3068,3068,H2NJ03233,"FLANAGAN, TRICIA",House,Challenger,New Jersey,Republican Party,Tricia,Flanagan,Tricia_Flanagan,Tricia_Flanagan_(New Jersey),https://ballotpedia.org/Tricia_Flanagan
3069,3069,H2NJ03241,"HYLAND, SHAWN",House,Challenger,New Jersey,Republican Party,Shawn,Hyland,Shawn_Hyland,Shawn_Hyland_(New Jersey),https://ballotpedia.org/Shawn_Hyland
3070,3070,H2NJ03258,"HEALEY, ROBERT JR",House,Challenger,New Jersey,Republican Party,Robert,Healey,Robert_Healey,Robert_Healey_(New Jersey),https://ballotpedia.org/Robert_Healey
3071,3071,H2NJ03266,"BARKER, JOHN",House,Challenger,New Jersey,Republican Party,John,Barker,John_Barker,John_Barker_(New Jersey),https://ballotpedia.org/John_Barker
3072,3072,H2NJ03274,"HENDLER, REUVEN",House,Challenger,New Jersey,Democratic Party,Reuven,Hendler,Reuven_Hendler,Reuven_Hendler_(New Jersey),https://ballotpedia.org/Reuven_Hendler
3073,3073,H2NJ03282,"SMITH, IAN",House,Challenger,New Jersey,Republican Party,Ian,Smith,Ian_Smith,Ian_Smith_(New Jersey),https://ballotpedia.org/Ian_Smith
3074,3074,H2NJ03290,"FERRARA, NICHOLAS JUDE",House,Challenger,New Jersey,Republican Party,Nicholas,Ferrara,Nicholas_Ferrara,Nicholas_Ferrara_(New Jersey),https://ballotpedia.org/Nicholas_Ferrara
3075,3075,H2NJ03308,"RUSSOMANNO, CHRISTOPHER",House,,New Jersey,Libertarian Party,Christopher,Russomanno,Christopher_Russomanno,Christopher_Russomanno_(New Jersey),https://ballotpedia.org/Christopher_Russomanno
3076,3076,H2NJ04181,"BLASI, MICHAEL",House,Challenger,New Jersey,Republican Party,Michael,Blasi,Michael_Blasi,Michael_Blasi_(New Jersey),https://ballotpedia.org/Michael_Blasi
3077,3077,H2NJ04199,"BURG, DAVID LOREN",House,Challenger,New Jersey,Republican Party,David,Burg,David_Burg,David_Burg_(New Jersey),https://ballotpedia.org/David_Burg
3078,3078,H2NJ04207,"CRISPI, MICHAEL",House,Challenger,New Jersey,Republican Party,Michael,Crispi,Michael_Crispi,Michael_Crispi_(New Jersey),https://ballotpedia.org/Michael_Crispi
3079,3079,H2NJ04215,"JENKINS, MATTHEW",House,Challenger,New Jersey,Democratic Party,Matthew,Jenkins,Matthew_Jenkins,Matthew_Jenkins_(New Jersey),https://ballotpedia.org/Matthew_Jenkins
3080,3080,H2NJ04223,"GRAY, STEVEN SCOTT MR.",House,Challenger,New Jersey,Republican Party,Steven,Gray,Steven_Gray,Steven_Gray_(New Jersey),https://ballotpedia.org/Steven_Gray
3081,3081,H2NJ04231,"CULLEN, JASON CULLEN",House,,New Jersey,Libertarian Party,Jason,Cullen,Jason_Cullen,Jason_Cullen_(New Jersey),https://ballotpedia.org/Jason_Cullen
3082,3082,H2NJ05014,"FRELINGHUYSEN, RODNEY P.",House,Incumbent,New Jersey,Republican Party,Rodney,Frelinghuysen,Rodney_Frelinghuysen,Rodney_Frelinghuysen_(New Jersey),https://ballotpedia.org/Rodney_Frelinghuysen
3083,3083,H2NJ05303,"D'AGOSTINO, NICHOLAS A. MR.",House,Challenger,New Jersey,Republican Party,Nicholas,D'agostino,Nicholas_D'agostino,Nicholas_D'agostino_(New Jersey),https://ballotpedia.org/Nicholas_D'agostino
3084,3084,H2NJ05311,"DE GREGORIO, NICHOLAS",House,Challenger,New Jersey,Republican Party,Nicholas,De gregorio,Nicholas_De gregorio,Nicholas_De gregorio_(New Jersey),https://ballotpedia.org/Nicholas_De gregorio
3085,3085,H2NJ05329,"SCHNEIDERMAN, FRED",House,Challenger,New Jersey,Republican Party,Fred,Schneiderman,Fred_Schneiderman,Fred_Schneiderman_(New Jersey),https://ballotpedia.org/Fred_Schneiderman
3086,3086,H2NJ06202,"EUVIN, SHERRY LEANNE",House,Challenger,New Jersey,Democratic Party,Sherry,Euvin,Sherry_Euvin,Sherry_Euvin_(New Jersey),https://ballotpedia.org/Sherry_Euvin
3087,3087,H2NJ06210,"MELE, GREGG",House,Challenger,New Jersey,Republican Party,Gregg,Mele,Gregg_Mele,Gregg_Mele_(New Jersey),https://ballotpedia.org/Gregg_Mele
3088,3088,H2NJ06228,"KILEY, SUSAN M",House,Challenger,New Jersey,Republican Party,Susan,Kiley,Susan_Kiley,Susan_Kiley_(New Jersey),https://ballotpedia.org/Susan_Kiley
3089,3089,H2NJ06236,"FISHER, TARA LYNN",House,,New Jersey,Libertarian Party,Tara,Fisher,Tara_Fisher,Tara_Fisher_(New Jersey),https://ballotpedia.org/Tara_Fisher
3090,3090,H2NJ07192,"MEHTA, RIK",House,Challenger,New Jersey,Republican Party,Rik,Mehta,Rik_Mehta,Rik_Mehta_(New Jersey),https://ballotpedia.org/Rik_Mehta
3091,3091,H2NJ07200,"ISEMANN, JOHN HENRY",House,Challenger,New Jersey,Republican Party,John,Isemann,John_Isemann,John_Isemann_(New Jersey),https://ballotpedia.org/John_Isemann
3092,3092,H2NJ07218,"PETERSON, ERIK",House,Challenger,New Jersey,Republican Party,Erik,Peterson,Erik_Peterson,Erik_Peterson_(New Jersey),https://ballotpedia.org/Erik_Peterson
3093,3093,H2NJ07226,"DORLON, KEVIN BRENDAN MR.",House,Challenger,New Jersey,Republican Party,Kevin,Dorlon,Kevin_Dorlon,Kevin_Dorlon_(New Jersey),https://ballotpedia.org/Kevin_Dorlon
3094,3094,H2NJ07234,"SCHWAB, STERLING IRWIN",House,Challenger,New Jersey,Republican Party,Sterling,Schwab,Sterling_Schwab,Sterling_Schwab_(New Jersey),https://ballotpedia.org/Sterling_Schwab
3095,3095,H2NJ07242,"FLORA, JOHN P",House,Challenger,New Jersey,Republican Party,John,Flora,John_Flora,John_Flora_(New Jersey),https://ballotpedia.org/John_Flora
3096,3096,H2NJ07259,"WIENBERG, BRANDON",House,Challenger,New Jersey,Democratic Party,Brandon,Wienberg,Brandon_Wienberg,Brandon_Wienberg_(New Jersey),https://ballotpedia.org/Brandon_Wienberg
3097,3097,H2NJ07267,"FERNANDEZ, VERONICA",House,Challenger,New Jersey,Independent,Veronica,Fernandez,Veronica_Fernandez,Veronica_Fernandez_(New Jersey),https://ballotpedia.org/Veronica_Fernandez
3098,3098,H2NJ07275,"NAIK, HARSH MR.",House,Challenger,New Jersey,Independent,Harsh,Naik,Harsh_Naik,Harsh_Naik_(New Jersey),https://ballotpedia.org/Harsh_Naik
3099,3099,H2NJ07283,"PAJUNAS, CLAYTON",House,,New Jersey,Libertarian Party,Clayton,Pajunas,Clayton_Pajunas,Clayton_Pajunas_(New Jersey),https://ballotpedia.org/Clayton_Pajunas
3100,3100,H2NJ08232,"MENENDEZ, ROBERT J.",House,Open seat,New Jersey,Democratic Party,Robert,Menendez,Robert_Menendez,Robert_Menendez_(New Jersey),https://ballotpedia.org/Robert_Menendez
3101,3101,H2NJ08240,"OCAMPO GRAJALES, DAVID",House,Open seat,New Jersey,Democratic Party,David,Ocampo grajales,David_Ocampo grajales,David_Ocampo grajales_(New Jersey),https://ballotpedia.org/David_Ocampo grajales
3102,3102,H2NJ08257,"ROJAS, RICARDO LUIS",House,Open seat,New Jersey,Democratic Party,Ricardo,Rojas,Ricardo_Rojas,Ricardo_Rojas_(New Jersey),https://ballotpedia.org/Ricardo_Rojas
3103,3103,H2NJ08265,"VARELA, BRIAN",House,Open seat,New Jersey,Democratic Party,Brian,Varela,Brian_Varela,Brian_Varela_(New Jersey),https://ballotpedia.org/Brian_Varela
3104,3104,H2NJ08273,"EBERHARD, ANDREA ROSEBOROUGH",House,,New Jersey,Democratic Party,Andrea,Eberhard,Andrea_Eberhard,Andrea_Eberhard_(New Jersey),https://ballotpedia.org/Andrea_Eberhard
3105,3105,H2NJ08281,"DELANEY, DAN MR",House,,New Jersey,Libertarian Party,Dan,Delaney,Dan_Delaney,Dan_Delaney_(New Jersey),https://ballotpedia.org/Dan_Delaney
3106,3106,H2NJ09149,"ARMSTRONG, SEAN ARMSTRONG",House,,New Jersey,Libertarian Party,Sean,Armstrong,Sean_Armstrong,Sean_Armstrong_(New Jersey),https://ballotpedia.org/Sean_Armstrong
3107,3107,H2NJ10154,"PAYNE, DONALD M. JR",House,Incumbent,New Jersey,Democratic Party,Donald,Payne,Donald_Payne,Donald_Payne_(New Jersey),https://ballotpedia.org/Donald_Payne
3108,3108,H2NJ10204,"OAKLEY, IMANI RAINE",House,Challenger,New Jersey,Democratic Party,Imani,Oakley,Imani_Oakley,Imani_Oakley_(New Jersey),https://ballotpedia.org/Imani_Oakley
3109,3109,H2NJ10212,"KHALFANI, AKIL KOKAYI DR",House,Challenger,New Jersey,Democratic Party,Akil,Khalfani,Akil_Khalfani,Akil_Khalfani_(New Jersey),https://ballotpedia.org/Akil_Khalfani
3110,3110,H2NJ10220,"KHALFANI, AKIL KOKAYI DR",House,Challenger,New Jersey,Democratic Party,Akil,Khalfani,Akil_Khalfani,Akil_Khalfani_(New Jersey),https://ballotpedia.org/Akil_Khalfani
3111,3111,H2NJ10238,"STEWART, GARTH",House,Challenger,New Jersey,Republican Party,Garth,Stewart,Garth_Stewart,Garth_Stewart_(New Jersey),https://ballotpedia.org/Garth_Stewart
3112,3112,H2NJ10246,"LUDDEN, KENDAL",House,,New Jersey,Liberal Party,Kendal,Ludden,Kendal_Ludden,Kendal_Ludden_(New Jersey),https://ballotpedia.org/Kendal_Ludden
3113,3113,H2NJ10253,"LUDDEN, KENDAL",House,,New Jersey,Liberal Party,Kendal,Ludden,Kendal_Ludden,Kendal_Ludden_(New Jersey),https://ballotpedia.org/Kendal_Ludden
3114,3114,H2NJ11137,"BROTSCHOL, HILLERY",House,Challenger,New Jersey,Republican Party,Hillery,Brotschol,Hillery_Brotschol,Hillery_Brotschol_(New Jersey),https://ballotpedia.org/Hillery_Brotschol
3115,3115,H2NJ11145,"KOVIC, ROBERT D.",House,Challenger,New Jersey,Republican Party,Robert,Kovic,Robert_Kovic,Robert_Kovic_(New Jersey),https://ballotpedia.org/Robert_Kovic
3116,3116,H2NJ11152,"QUINN, PATRICK JAMES MR. III",House,Challenger,New Jersey,Republican Party,Patrick,Quinn,Patrick_Quinn,Patrick_Quinn_(New Jersey),https://ballotpedia.org/Patrick_Quinn
3117,3117,H2NJ11160,"TOOMEY, THOMAS AUGUSTINE MR.",House,Challenger,New Jersey,Republican Party,Thomas,Toomey,Thomas_Toomey,Thomas_Toomey_(New Jersey),https://ballotpedia.org/Thomas_Toomey
3118,3118,H2NJ11178,"SELEN, TAYFUN",House,Challenger,New Jersey,Republican Party,Tayfun,Selen,Tayfun_Selen,Tayfun_Selen_(New Jersey),https://ballotpedia.org/Tayfun_Selen
3119,3119,H2NJ11186,"DEGROOT, PAUL",House,Challenger,New Jersey,Republican Party,Paul,Degroot,Paul_Degroot,Paul_Degroot_(New Jersey),https://ballotpedia.org/Paul_Degroot
3120,3120,H2NJ11194,"CASHA, LAWRENCE A",House,Challenger,New Jersey,Republican Party,Lawrence,Casha,Lawrence_Casha,Lawrence_Casha_(New Jersey),https://ballotpedia.org/Lawrence_Casha
3121,3121,H2NJ11202,"RIZZO, PHIL",House,Challenger,New Jersey,Republican Party,Phil,Rizzo,Phil_Rizzo,Phil_Rizzo_(New Jersey),https://ballotpedia.org/Phil_Rizzo
3122,3122,H2NJ11210,"FRISCIA, LARRY",House,Challenger,New Jersey,Republican Party,Larry,Friscia,Larry_Friscia,Larry_Friscia_(New Jersey),https://ballotpedia.org/Larry_Friscia
3123,3123,H2NJ11228,"ANDERSON, TOBY",House,Challenger,New Jersey,Republican Party,Toby,Anderson,Toby_Anderson,Toby_Anderson_(New Jersey),https://ballotpedia.org/Toby_Anderson
3124,3124,H2NJ11236,"MCCORMICK, KEVIN",House,,New Jersey,Libertarian Party,Kevin,Mccormick,Kevin_Mccormick,Kevin_Mccormick_(New Jersey),https://ballotpedia.org/Kevin_Mccormick
3125,3125,H2NJ11244,"BIASCO, JOSEPH NICHOLAS MR.",House,,New Jersey,Libertarian Party,Joseph,Biasco,Joseph_Biasco,Joseph_Biasco_(New Jersey),https://ballotpedia.org/Joseph_Biasco
3126,3126,H2NJ12127,"MAYFIELD, DARIUS",House,Challenger,New Jersey,Republican Party,Darius,Mayfield,Darius_Mayfield,Darius_Mayfield_(New Jersey),https://ballotpedia.org/Darius_Mayfield
3127,3127,H2NJ12135,"CATUCCI, NICHOLAS JOSEPH",House,Challenger,New Jersey,Republican Party,Nicholas,Catucci,Nicholas_Catucci,Nicholas_Catucci_(New Jersey),https://ballotpedia.org/Nicholas_Catucci
3128,3128,H2NJ19023,"WILLIAMS, GABRIEL VINCENT MR",House,Challenger,New Jersey,Independent Conservative Democratic,Gabriel,Williams,Gabriel_Williams,Gabriel_Williams_(New Jersey),https://ballotpedia.org/Gabriel_Williams
3129,3129,H2NJ19031,"GREENE, DOUGLASS MR",House,Challenger,New Jersey,Independent Conservative Democratic,Douglass,Greene,Douglass_Greene,Douglass_Greene_(New Jersey),https://ballotpedia.org/Douglass_Greene
3130,3130,H2NJ19049,"PECK, MICHAEL MR",House,Challenger,New Jersey,Independent Conservative Democratic,Michael,Peck,Michael_Peck,Michael_Peck_(New Jersey),https://ballotpedia.org/Michael_Peck
3131,3131,H2NJ25012,"CULLENS, STEPHENE MR",House,,New Jersey,Independent Conservative Democratic,Stephene,Cullens,Stephene_Cullens,Stephene_Cullens_(New Jersey),https://ballotpedia.org/Stephene_Cullens
3132,3132,H2NJ28016,"THOMPSON, BRIAN HIRAM MR",House,Challenger,New Jersey,Independent Conservative Democratic,Brian,Thompson,Brian_Thompson,Brian_Thompson_(New Jersey),https://ballotpedia.org/Brian_Thompson
3133,3133,H2NJ29014,"OSBORNE, JOSEPH MR",House,Challenger,New Jersey,Independent Conservative Democratic,Joseph,Osborne,Joseph_Osborne,Joseph_Osborne_(New Jersey),https://ballotpedia.org/Joseph_Osborne
3134,3134,H2NJ38015,"KNAP, EDWARD MR",House,Challenger,New Jersey,Independent Conservative Democratic,Edward,Knap,Edward_Knap,Edward_Knap_(New Jersey),https://ballotpedia.org/Edward_Knap
3135,3135,H2NJ42017,"COOK, NATHANIEL THOMAS MR",House,Challenger,New Jersey,Independent Conservative Democratic,Nathaniel,Cook,Nathaniel_Cook,Nathaniel_Cook_(New Jersey),https://ballotpedia.org/Nathaniel_Cook
3136,3136,H2NJ42025,"SEYMOUR, MATHEW MR",House,,New Jersey,Independent Conservative Democratic,Mathew,Seymour,Mathew_Seymour,Mathew_Seymour_(New Jersey),https://ballotpedia.org/Mathew_Seymour
3137,3137,H2NM01144,"STANSBURY, MELANIE",House,Challenger,New Mexico,Democratic Party,Melanie,Stansbury,Melanie_Stansbury,Melanie_Stansbury_(New Mexico),https://ballotpedia.org/Melanie_Stansbury
3138,3138,H2NM01151,"DUNN, AUBREY",House,Open seat,New Mexico,No Party Affiliation,Aubrey,Dunn,Aubrey_Dunn,Aubrey_Dunn_(New Mexico),https://ballotpedia.org/Aubrey_Dunn
3139,3139,H2NM01169,"MCGINN, RANDI",House,Open seat,New Mexico,Democratic Party,Randi,Mcginn,Randi_Mcginn,Randi_Mcginn_(New Mexico),https://ballotpedia.org/Randi_Mcginn
3140,3140,H2NM01177,"REYES, VICTOR",House,Open seat,New Mexico,Democratic Party,Victor,Reyes,Victor_Reyes,Victor_Reyes_(New Mexico),https://ballotpedia.org/Victor_Reyes
3141,3141,H2NM01185,"LUND, SHERIDAN JOSHUA",House,Challenger,New Mexico,Democratic Party,Sheridan,Lund,Sheridan_Lund,Sheridan_Lund_(New Mexico),https://ballotpedia.org/Sheridan_Lund
3142,3142,H2NM01193,"ROYBAL CABALLERO, PATRICIA",House,Open seat,New Mexico,Democratic Party,Patricia,Roybal caballero,Patricia_Roybal caballero,Patricia_Roybal caballero_(New Mexico),https://ballotpedia.org/Patricia_Roybal caballero
3143,3143,H2NM01201,"GUERRERO, SELINDA",House,Open seat,New Mexico,Democratic Party,Selinda,Guerrero,Selinda_Guerrero,Selinda_Guerrero_(New Mexico),https://ballotpedia.org/Selinda_Guerrero
3144,3144,H2NM01219,"LOUIS, GEORGENE",House,Challenger,New Mexico,Democratic Party,Georgene,Louis,Georgene_Louis,Georgene_Louis_(New Mexico),https://ballotpedia.org/Georgene_Louis
3145,3145,H2NM01227,"FERNANDEZ, FRANCISCO",House,Open seat,New Mexico,Democratic Party,Francisco,Fernandez,Francisco_Fernandez,Francisco_Fernandez_(New Mexico),https://ballotpedia.org/Francisco_Fernandez
3146,3146,H2NM01235,"ARAGON, EDDY",House,Open seat,New Mexico,Republican Party,Eddy,Aragon,Eddy_Aragon,Eddy_Aragon_(New Mexico),https://ballotpedia.org/Eddy_Aragon
3147,3147,H2NM01243,"OLIVAS, LAURA MRS.",House,Open seat,New Mexico,No Party Affiliation,Laura,Olivas,Laura_Olivas,Laura_Olivas_(New Mexico),https://ballotpedia.org/Laura_Olivas
3148,3148,H2NM01250,"LUCERO, RONNIE LOUIE",House,Open seat,New Mexico,Republican Party,Ronnie,Lucero,Ronnie_Lucero,Ronnie_Lucero_(New Mexico),https://ballotpedia.org/Ronnie_Lucero
3149,3149,H2NM01268,"MARTINEZ, ELISA",House,Challenger,New Mexico,Republican Party,Elisa,Martinez,Elisa_Martinez,Elisa_Martinez_(New Mexico),https://ballotpedia.org/Elisa_Martinez
3150,3150,H2NM01276,"MOORES, MARK",House,Open seat,New Mexico,Republican Party,Mark,Moores,Mark_Moores,Mark_Moores_(New Mexico),https://ballotpedia.org/Mark_Moores
3151,3151,H2NM01284,"CHAVEZ, MICHAELA",House,Open seat,New Mexico,Republican Party,Michaela,Chavez,Michaela_Chavez,Michaela_Chavez_(New Mexico),https://ballotpedia.org/Michaela_Chavez
3152,3152,H2NM01292,"MANNING, CHRISTOPHER",House,Open seat,New Mexico,Libertarian Party,Christopher,Manning,Christopher_Manning,Christopher_Manning_(New Mexico),https://ballotpedia.org/Christopher_Manning
3153,3153,H2NM01342,"CHICK, CAMERON ALTON MR. SR",House,Challenger,New Mexico,Independent,Cameron,Chick,Cameron_Chick,Cameron_Chick_(New Mexico),https://ballotpedia.org/Cameron_Chick
3154,3154,H2NM01359,"NEAL, JOSHUA",House,Challenger,New Mexico,Republican Party,Joshua,Neal,Joshua_Neal,Joshua_Neal_(New Mexico),https://ballotpedia.org/Joshua_Neal
3155,3155,H2NM01367,"SANCHEZ, LOUIE",House,Challenger,New Mexico,Republican Party,Louie,Sanchez,Louie_Sanchez,Louie_Sanchez_(New Mexico),https://ballotpedia.org/Louie_Sanchez
3156,3156,H2NM01375,"CHICK, CAMERON SR.",House,,New Mexico,Independent,Cameron,Chick,Cameron_Chick,Cameron_Chick_(New Mexico),https://ballotpedia.org/Cameron_Chick
3157,3157,H2NM02100,"SMITH, JOHN ARTHUR",House,Challenger,New Mexico,Democratic Party,John,Smith,John_Smith,John_Smith_(New Mexico),https://ballotpedia.org/John_Smith
3158,3158,H2NM02183,"FREEMAN, GORDON",House,Challenger,New Mexico,Democratic Party,Gordon,Freeman,Gordon_Freeman,Gordon_Freeman_(New Mexico),https://ballotpedia.org/Gordon_Freeman
3159,3159,H2NM02191,"VASQUEZ, GABRIEL",House,Challenger,New Mexico,Democratic Party,Gabriel,Vasquez,Gabriel_Vasquez,Gabriel_Vasquez_(New Mexico),https://ballotpedia.org/Gabriel_Vasquez
3160,3160,H2NM02217,"PATEL, DARSHAN DR.",House,Challenger,New Mexico,Democratic Party,Darshan,Patel,Darshan_Patel,Darshan_Patel_(New Mexico),https://ballotpedia.org/Darshan_Patel
3161,3161,H2NM03173,"MARTINEZ JOHNSON, ALEXIS",House,Challenger,New Mexico,Republican Party,Alexis,Martinez johnson,Alexis_Martinez johnson,Alexis_Martinez johnson_(New Mexico),https://ballotpedia.org/Alexis_Martinez johnson
3162,3162,H2NV00050,"KIHUEN, RUBEN",House,Incumbent,Nevada,Democratic Party,Ruben,Kihuen,Ruben_Kihuen,Ruben_Kihuen_(Nevada),https://ballotpedia.org/Ruben_Kihuen
3163,3163,H2NV00068,"CENTENO, JAIME MR JR",House,Challenger,Nevada,Republican Party,Jaime,Centeno,Jaime_Centeno,Jaime_Centeno_(Nevada),https://ballotpedia.org/Jaime_Centeno
3164,3164,H2NV01264,"VILELA, AMY",House,Challenger,Nevada,Democratic Party,Amy,Vilela,Amy_Vilela,Amy_Vilela_(Nevada),https://ballotpedia.org/Amy_Vilela
3165,3165,H2NV01272,"VISSER, YOLANDI",House,Challenger,Nevada,Republican Party,Yolandi,Visser,Yolandi_Visser,Yolandi_Visser_(Nevada),https://ballotpedia.org/Yolandi_Visser
3166,3166,H2NV01280,"SHOLTY, MORGUN",House,Challenger,Nevada,Republican Party,Morgun,Sholty,Morgun_Sholty,Morgun_Sholty_(Nevada),https://ballotpedia.org/Morgun_Sholty
3167,3167,H2NV01298,"BROG, DAVID",House,Challenger,Nevada,Republican Party,David,Brog,David_Brog,David_Brog_(Nevada),https://ballotpedia.org/David_Brog
3168,3168,H2NV01306,"STEEL, CYNTHIA DIANNE",House,Challenger,Nevada,Republican Party,Cynthia,Steel,Cynthia_Steel,Cynthia_Steel_(Nevada),https://ballotpedia.org/Cynthia_Steel
3169,3169,H2NV01314,"TURNER, JESSIE MR",House,Challenger,Nevada,Republican Party,Jessie,Turner,Jessie_Turner,Jessie_Turner_(Nevada),https://ballotpedia.org/Jessie_Turner
3170,3170,H2NV01322,"ADAMS, JANE",House,,Nevada,Republican Party,Jane,Adams,Jane_Adams,Jane_Adams_(Nevada),https://ballotpedia.org/Jane_Adams
3171,3171,H2NV02395,"AMODEI, MARK EUGENE",House,Incumbent,Nevada,Republican Party,Mark,Amodei,Mark_Amodei,Mark_Amodei_(Nevada),https://ballotpedia.org/Mark_Amodei
3172,3172,H2NV02494,"SIMS, AARON MICHAEL",House,Challenger,Nevada,Democratic Party,Aaron,Sims,Aaron_Sims,Aaron_Sims_(Nevada),https://ballotpedia.org/Aaron_Sims
3173,3173,H2NV02502,"HANIFAN, TIMOTHY R.",House,Challenger,Nevada,Democratic Party,Timothy,Hanifan,Timothy_Hanifan,Timothy_Hanifan_(Nevada),https://ballotpedia.org/Timothy_Hanifan
3174,3174,H2NV02528,"DOUCETTE, MICHAEL LEO MR",House,Challenger,Nevada,Democratic Party,Michael,Doucette,Michael_Doucette,Michael_Doucette_(Nevada),https://ballotpedia.org/Michael_Doucette
3175,3175,H2NV02536,"AFZAL, JOSEPH EDWARD",House,Challenger,Nevada,Democratic Party,Joseph,Afzal,Joseph_Afzal,Joseph_Afzal_(Nevada),https://ballotpedia.org/Joseph_Afzal
3176,3176,H2NV02544,"TARKANIAN, DANNY",House,Challenger,Nevada,Republican Party,Danny,Tarkanian,Danny_Tarkanian,Danny_Tarkanian_(Nevada),https://ballotpedia.org/Danny_Tarkanian
3177,3177,H2NV03153,"ROBERTSON, MARK",House,Challenger,Nevada,Republican Party,Mark,Robertson,Mark_Robertson,Mark_Robertson_(Nevada),https://ballotpedia.org/Mark_Robertson
3178,3178,H2NV03161,"BECKER, APRIL",House,Challenger,Nevada,Republican Party,April,Becker,April_Becker,April_Becker_(Nevada),https://ballotpedia.org/April_Becker
3179,3179,H2NV03179,"PRIJTEN, REINIER",House,Challenger,Nevada,Republican Party,Reinier,Prijten,Reinier_Prijten,Reinier_Prijten_(Nevada),https://ballotpedia.org/Reinier_Prijten
3180,3180,H2NV03187,"MALGERI, NOAH",House,Challenger,Nevada,Republican Party,Noah,Malgeri,Noah_Malgeri,Noah_Malgeri_(Nevada),https://ballotpedia.org/Noah_Malgeri
3181,3181,H2NV03195,"KOVACS, JOHN",House,Challenger,Nevada,Republican Party,John,Kovacs,John_Kovacs,John_Kovacs_(Nevada),https://ballotpedia.org/John_Kovacs
3182,3182,H2NV03203,"BOSSERT, CLARK",House,Challenger,Nevada,Republican Party,Clark,Bossert,Clark_Bossert,Clark_Bossert_(Nevada),https://ballotpedia.org/Clark_Bossert
3183,3183,H2NV03211,"HYNES, RANDELL SCOTT",House,Challenger,Nevada,Democratic Party,Randell,Hynes,Randell_Hynes,Randell_Hynes_(Nevada),https://ballotpedia.org/Randell_Hynes
3184,3184,H2NV03229,"SCHIFFMAN, STEVEN MITCHELL MR",House,Challenger,Nevada,Republican Party,Steven,Schiffman,Steven_Schiffman,Steven_Schiffman_(Nevada),https://ballotpedia.org/Steven_Schiffman
3185,3185,H2NV03237,"MORRIS, ROBERT BRUCE",House,Challenger,Nevada,Non-Party,Robert,Morris,Robert_Morris,Robert_Morris_(Nevada),https://ballotpedia.org/Robert_Morris
3186,3186,H2NV04011,"HORSFORD, STEVEN ALEXZANDER",House,Incumbent,Nevada,Democratic Party,Steven,Horsford,Steven_Horsford,Steven_Horsford_(Nevada),https://ballotpedia.org/Steven_Horsford
3187,3187,H2NV04045,"TARKANIAN, DANNY",House,,Nevada,Republican Party,Danny,Tarkanian,Danny_Tarkanian,Danny_Tarkanian_(Nevada),https://ballotpedia.org/Danny_Tarkanian
3188,3188,H2NV04086,"JOHNSON, JOHN",House,Challenger,Nevada,No Party Affiliation,John,Johnson,John_Johnson,John_Johnson_(Nevada),https://ballotpedia.org/John_Johnson
3189,3189,H2NV04094,"SERRANO, CAROLINA",House,Challenger,Nevada,Republican Party,Carolina,Serrano,Carolina_Serrano,Carolina_Serrano_(Nevada),https://ballotpedia.org/Carolina_Serrano
3190,3190,H2NV04102,"VARGAS, JESSIE",House,Challenger,Nevada,Republican Party,Jessie,Vargas,Jessie_Vargas,Jessie_Vargas_(Nevada),https://ballotpedia.org/Jessie_Vargas
3191,3191,H2NV04110,"BONAVENTURA, CHANCE",House,Challenger,Nevada,Republican Party,Chance,Bonaventura,Chance_Bonaventura,Chance_Bonaventura_(Nevada),https://ballotpedia.org/Chance_Bonaventura
3192,3192,H2NV04128,"BLACK, ANNIE",House,Challenger,Nevada,Republican Party,Annie,Black,Annie_Black,Annie_Black_(Nevada),https://ballotpedia.org/Annie_Black
3193,3193,H2NY00010,"VELAZQUEZ, NYDIA M.",House,Incumbent,New York,Democratic Party,Nydia,Velazquez,Nydia_Velazquez,Nydia_Velazquez_(New York),https://ballotpedia.org/Nydia_Velazquez
3194,3194,H2NY00069,"JOSEPH, VLADIMY MR.",House,Challenger,New York,Democratic Party,Vladimy,Joseph,Vladimy_Joseph,Vladimy_Joseph_(New York),https://ballotpedia.org/Vladimy_Joseph
3195,3195,H2NY00077,"KENNEDY, OSAMA MR",House,Challenger,New York,Republican Party,Osama,Kennedy,Osama_Kennedy,Osama_Kennedy_(New York),https://ballotpedia.org/Osama_Kennedy
3196,3196,H2NY00085,"MCCARTHY, ANDREW KYLE",House,Challenger,New York,Republican Party,Andrew,Mccarthy,Andrew_Mccarthy,Andrew_Mccarthy_(New York),https://ballotpedia.org/Andrew_Mccarthy
3197,3197,H2NY01091,"SMITH, AUSTIN C",House,Challenger,New York,Democratic Party,Austin,Smith,Austin_Smith,Austin_Smith_(New York),https://ballotpedia.org/Austin_Smith
3198,3198,H2NY01109,"ATKINSON, JOHN ROGERS IV",House,Open seat,New York,Democratic Party,John,Atkinson,John_Atkinson,John_Atkinson_(New York),https://ballotpedia.org/John_Atkinson
3199,3199,H2NY01117,"HAHN, KARA",House,Open seat,New York,Democratic Party,Kara,Hahn,Kara_Hahn,Kara_Hahn_(New York),https://ballotpedia.org/Kara_Hahn
3200,3200,H2NY01141,"ANTONUCCI, NICHOLAS",House,Open seat,New York,Democratic Party,Nicholas,Antonucci,Nicholas_Antonucci,Nicholas_Antonucci_(New York),https://ballotpedia.org/Nicholas_Antonucci
3201,3201,H2NY01158,"CORNICELLI, ROBERT MICHAEL CPT",House,Open seat,New York,Republican Party,Robert,Cornicelli,Robert_Cornicelli,Robert_Cornicelli_(New York),https://ballotpedia.org/Robert_Cornicelli
3202,3202,H2NY01166,"XIONG, YAN",House,Open seat,New York,Democratic Party,Yan,Xiong,Yan_Xiong,Yan_Xiong_(New York),https://ballotpedia.org/Yan_Xiong
3203,3203,H2NY01174,"FIGLIOLA, ANTHONY M",House,Open seat,New York,Republican Party,Anthony,Figliola,Anthony_Figliola,Anthony_Figliola_(New York),https://ballotpedia.org/Anthony_Figliola
3204,3204,H2NY01182,"MOORE, EDWARD FRANCIS JR",House,Open seat,New York,Republican Party,Edward,Moore,Edward_Moore,Edward_Moore_(New York),https://ballotpedia.org/Edward_Moore
3205,3205,H2NY01190,"NICK, LALOTA",House,Open seat,New York,Republican Party,Lalota,Nick,Lalota_Nick,Lalota_Nick_(New York),https://ballotpedia.org/Lalota_Nick
3206,3206,H2NY01216,"ZAJIC, ALEXANDRE",House,Open seat,New York,Democratic Party,Alexandre,Zajic,Alexandre_Zajic,Alexandre_Zajic_(New York),https://ballotpedia.org/Alexandre_Zajic
3207,3207,H2NY01224,"SAKIN, MICHAEL",House,Open seat,New York,Republican Party,Michael,Sakin,Michael_Sakin,Michael_Sakin_(New York),https://ballotpedia.org/Michael_Sakin
3208,3208,H2NY01232,"BARSKY, DAVID DR.",House,Open seat,New York,Democratic Party,David,Barsky,David_Barsky,David_Barsky_(New York),https://ballotpedia.org/David_Barsky
3209,3209,H2NY02115,"HUQ, MD MUZIBUL DR MD",House,Challenger,New York,Democratic Party,Md,Huq,Md_Huq,Md_Huq_(New York),https://ballotpedia.org/Md_Huq
3210,3210,H2NY02123,"SAX, MICHAEL",House,Challenger,New York,Democratic Party,Michael,Sax,Michael_Sax,Michael_Sax_(New York),https://ballotpedia.org/Michael_Sax
3211,3211,H2NY02131,"RAKEBRANDT, MIKE",House,Challenger,New York,Republican Party,Mike,Rakebrandt,Mike_Rakebrandt,Mike_Rakebrandt_(New York),https://ballotpedia.org/Mike_Rakebrandt
3212,3212,H2NY02149,"CORRIGAN, CAIT",House,Challenger,New York,Republican Party,Cait,Corrigan,Cait_Corrigan,Cait_Corrigan_(New York),https://ballotpedia.org/Cait_Corrigan
3213,3213,H2NY03089,"KING, PETE",House,Incumbent,New York,Republican Party,Pete,King,Pete_King,Pete_King_(New York),https://ballotpedia.org/Pete_King
3214,3214,H2NY03139,"SURDI, KEVIN",House,Challenger,New York,Republican Party,Kevin,Surdi,Kevin_Surdi,Kevin_Surdi_(New York),https://ballotpedia.org/Kevin_Surdi
3215,3215,H2NY03147,"KAUR, NAVJOT PAL",House,Challenger,New York,Democratic Party,Navjot,Kaur,Navjot_Kaur,Navjot_Kaur_(New York),https://ballotpedia.org/Navjot_Kaur
3216,3216,H2NY03154,"RASOOL, REEMA",House,Challenger,New York,Democratic Party,Reema,Rasool,Reema_Rasool,Reema_Rasool_(New York),https://ballotpedia.org/Reema_Rasool
3217,3217,H2NY03162,"LAFAZAN, JOSHUA",House,Challenger,New York,Democratic Party,Joshua,Lafazan,Joshua_Lafazan,Joshua_Lafazan_(New York),https://ballotpedia.org/Joshua_Lafazan
3218,3218,H2NY03170,"KAIMAN, JON",House,Challenger,New York,Democratic Party,Jon,Kaiman,Jon_Kaiman,Jon_Kaiman_(New York),https://ballotpedia.org/Jon_Kaiman
3219,3219,H2NY03188,"ZIMMERMAN, ROBERT",House,Challenger,New York,Democratic Party,Robert,Zimmerman,Robert_Zimmerman,Robert_Zimmerman_(New York),https://ballotpedia.org/Robert_Zimmerman
3220,3220,H2NY03196,"BIAGGI, ALESSANDRA",House,Challenger,New York,Democratic Party,Alessandra,Biaggi,Alessandra_Biaggi,Alessandra_Biaggi_(New York),https://ballotpedia.org/Alessandra_Biaggi
3221,3221,H2NY04160,"STANIFORD, WILLIAM",House,Challenger,New York,Republican Party,William,Staniford,William_Staniford,William_Staniford_(New York),https://ballotpedia.org/William_Staniford
3222,3222,H2NY04178,"BYNOE, SIELA",House,Challenger,New York,Democratic Party,Siela,Bynoe,Siela_Bynoe,Siela_Bynoe_(New York),https://ballotpedia.org/Siela_Bynoe
3223,3223,H2NY04186,"SHAKIL, KEVIN BRYAN",House,Challenger,New York,Democratic Party,Kevin,Shakil,Kevin_Shakil,Kevin_Shakil_(New York),https://ballotpedia.org/Kevin_Shakil
3224,3224,H2NY04236,"SOLAGES, CARRIÉ",House,Challenger,New York,Democratic Party,Carrié,Solages,Carrié_Solages,Carrié_Solages_(New York),https://ballotpedia.org/Carrié_Solages
3225,3225,H2NY04244,"GILLEN, LAURA",House,Challenger,New York,Democratic Party,Laura,Gillen,Laura_Gillen,Laura_Gillen_(New York),https://ballotpedia.org/Laura_Gillen
3226,3226,H2NY04251,"ABELOVE, JASON L",House,Challenger,New York,Democratic Party,Jason,Abelove,Jason_Abelove,Jason_Abelove_(New York),https://ballotpedia.org/Jason_Abelove
3227,3227,H2NY04269,"CORBETT, KEITH",House,Challenger,New York,Democratic Party,Keith,Corbett,Keith_Corbett,Keith_Corbett_(New York),https://ballotpedia.org/Keith_Corbett
3228,3228,H2NY04277,"D'ESPOSITO, ANTHONY P",House,Challenger,New York,Republican Party,Anthony,D'esposito,Anthony_D'esposito,Anthony_D'esposito_(New York),https://ballotpedia.org/Anthony_D'esposito
3229,3229,H2NY05118,"AKHLAGHY, NADER",House,,New York,Peace And Freedom Party,Nader,Akhlaghy,Nader_Akhlaghy,Nader_Akhlaghy_(New York),https://ballotpedia.org/Nader_Akhlaghy
3230,3230,H2NY05126,"KING, PAUL",House,Challenger,New York,Republican Party,Paul,King,Paul_King,Paul_King_(New York),https://ballotpedia.org/Paul_King
3231,3231,H2NY05134,"MILLER, MARILYN",House,Challenger,New York,Republican Party,Marilyn,Miller,Marilyn_Miller,Marilyn_Miller_(New York),https://ballotpedia.org/Marilyn_Miller
3232,3232,H2NY05142,"LOZADA, FRANK J",House,,New York,Democratic Party,Frank,Lozada,Frank_Lozada,Frank_Lozada_(New York),https://ballotpedia.org/Frank_Lozada
3233,3233,H2NY06116,"MENG, GRACE",House,Incumbent,New York,Democratic Party,Grace,Meng,Grace_Meng,Grace_Meng_(New York),https://ballotpedia.org/Grace_Meng
3234,3234,H2NY06165,"FUENTES-PADILLA, CHRISTOPHER ROBBIN MR",House,Challenger,New York,Libertarian Party,Christopher,Fuentes-padilla,Christopher_Fuentes-padilla,Christopher_Fuentes-padilla_(New York),https://ballotpedia.org/Christopher_Fuentes-padilla
3235,3235,H2NY06173,"GONZALEZ, JESUS",House,Challenger,New York,Republican Party,Jesus,Gonzalez,Jesus_Gonzalez,Jesus_Gonzalez_(New York),https://ballotpedia.org/Jesus_Gonzalez
3236,3236,H2NY07064,"PAGAN, JUAN",House,Challenger,New York,Republican Party,Juan,Pagan,Juan_Pagan,Juan_Pagan_(New York),https://ballotpedia.org/Juan_Pagan
3237,3237,H2NY08146,"VASQUEZ, JORDAN",House,Challenger,New York,Democratic Party,Jordan,Vasquez,Jordan_Vasquez,Jordan_Vasquez_(New York),https://ballotpedia.org/Jordan_Vasquez
3238,3238,H2NY08153,"VASQUEZ, CLEMENTINE",House,Challenger,New York,Democratic Party,Clementine,Vasquez,Clementine_Vasquez,Clementine_Vasquez_(New York),https://ballotpedia.org/Clementine_Vasquez
3239,3239,H2NY08161,"JOHNSON, QUEEN",House,Challenger,New York,Democratic Party,Queen,Johnson,Queen_Johnson,Queen_Johnson_(New York),https://ballotpedia.org/Queen_Johnson
3240,3240,H2NY08179,"MANNIX, BRIAN MATTHEW",House,Challenger,New York,Independent,Brian,Mannix,Brian_Mannix,Brian_Mannix_(New York),https://ballotpedia.org/Brian_Mannix
3241,3241,H2NY09086,"WEPRIN, DAVID I",House,Open seat,New York,Democratic Party,David,Weprin,David_Weprin,David_Weprin_(New York),https://ballotpedia.org/David_Weprin
3242,3242,H2NY09102,"LANCMAN, RORY",House,Challenger,New York,,Rory,Lancman,Rory_Lancman,Rory_Lancman_(New York),https://ballotpedia.org/Rory_Lancman
3243,3243,H2NY09136,"GREEN, STEVEN LEWIS MR.",House,Challenger,New York,Democratic Party,Steven,Green,Steven_Green,Steven_Green_(New York),https://ballotpedia.org/Steven_Green
3244,3244,H2NY10092,"JEFFRIES, HAKEEM",House,Incumbent,New York,Democratic Party,Hakeem,Jeffries,Hakeem_Jeffries,Hakeem_Jeffries_(New York),https://ballotpedia.org/Hakeem_Jeffries
3245,3245,H2NY10118,"MEDINA, IAN ANTHONY",House,Challenger,New York,Democratic Party,Ian,Medina,Ian_Medina,Ian_Medina_(New York),https://ballotpedia.org/Ian_Medina
3246,3246,H2NY10126,"SHETH, ASHMI",House,Challenger,New York,Democratic Party,Ashmi,Sheth,Ashmi_Sheth,Ashmi_Sheth_(New York),https://ballotpedia.org/Ashmi_Sheth
3247,3247,H2NY10134,"HAMDAN, BENINE",House,Challenger,New York,Republican Party,Benine,Hamdan,Benine_Hamdan,Benine_Hamdan_(New York),https://ballotpedia.org/Benine_Hamdan
3248,3248,H2NY10142,"ROBINSON, BRIAN JEFFREY",House,Challenger,New York,Democratic Party,Brian,Robinson,Brian_Robinson,Brian_Robinson_(New York),https://ballotpedia.org/Brian_Robinson
3249,3249,H2NY10159,"MARON, MAUD",House,Challenger,New York,Democratic Party,Maud,Maron,Maud_Maron,Maud_Maron_(New York),https://ballotpedia.org/Maud_Maron
3250,3250,H2NY10167,"DOOLEY, PATRICK EDWARD MR.",House,Challenger,New York,Democratic Party,Patrick,Dooley,Patrick_Dooley,Patrick_Dooley_(New York),https://ballotpedia.org/Patrick_Dooley
3251,3251,H2NY10175,"QIU, HELEN JIANG",House,Challenger,New York,Republican Party,Helen,Qiu,Helen_Qiu,Helen_Qiu_(New York),https://ballotpedia.org/Helen_Qiu
3252,3252,H2NY10183,"KIM, ELIZABETH",House,Challenger,New York,Democratic Party,Elizabeth,Kim,Elizabeth_Kim,Elizabeth_Kim_(New York),https://ballotpedia.org/Elizabeth_Kim
3253,3253,H2NY10191,"SULTAN, AAMIR",House,Challenger,New York,Republican Party,Aamir,Sultan,Aamir_Sultan,Aamir_Sultan_(New York),https://ballotpedia.org/Aamir_Sultan
3254,3254,H2NY11124,"RAMOS DEBARROS, BRITTANY",House,Challenger,New York,Democratic Party,Brittany,Ramos debarros,Brittany_Ramos debarros,Brittany_Ramos debarros_(New York),https://ballotpedia.org/Brittany_Ramos debarros
3255,3255,H2NY11132,"WOLFE, ANDREW D",House,Challenger,New York,Republican Party,Andrew,Wolfe,Andrew_Wolfe,Andrew_Wolfe_(New York),https://ballotpedia.org/Andrew_Wolfe
3256,3256,H2NY11140,"ROSE, MAX",House,Challenger,New York,Democratic Party,Max,Rose,Max_Rose,Max_Rose_(New York),https://ballotpedia.org/Max_Rose
3257,3257,H2NY11157,"MATLAND, JOHN",House,Challenger,New York,Republican Party,John,Matland,John_Matland,John_Matland_(New York),https://ballotpedia.org/John_Matland
3258,3258,H2NY11165,"AGODA-KOUSSEMA, KOMI L.T. DR.",House,Challenger,New York,Democratic Party,Komi,Agoda-koussema,Komi_Agoda-koussema,Komi_Agoda-koussema_(New York),https://ballotpedia.org/Komi_Agoda-koussema
3259,3259,H2NY12171,"JOSEPH, VLADIMY REV.",House,Challenger,New York,Democratic Party,Vladimy,Joseph,Vladimy_Joseph,Vladimy_Joseph_(New York),https://ballotpedia.org/Vladimy_Joseph
3260,3260,H2NY12189,"CERROTTI, JESSE",House,Challenger,New York,Democratic Party,Jesse,Cerrotti,Jesse_Cerrotti,Jesse_Cerrotti_(New York),https://ballotpedia.org/Jesse_Cerrotti
3261,3261,H2NY12197,"ABDELHAMID, RANA",House,Challenger,New York,Democratic Party,Rana,Abdelhamid,Rana_Abdelhamid,Rana_Abdelhamid_(New York),https://ballotpedia.org/Rana_Abdelhamid
3262,3262,H2NY12205,"CONTRERAS, MAYA",House,Challenger,New York,Democratic Party,Maya,Contreras,Maya_Contreras,Maya_Contreras_(New York),https://ballotpedia.org/Maya_Contreras
3263,3263,H2NY12213,"FITZGERALD, MIKE",House,Challenger,New York,Democratic Party,Mike,Fitzgerald,Mike_Fitzgerald,Mike_Fitzgerald_(New York),https://ballotpedia.org/Mike_Fitzgerald
3264,3264,H2NY12221,"ZUMBLUSKAS, MICHAEL K MR.",House,Challenger,New York,Republican Party,Michael,Zumbluskas,Michael_Zumbluskas,Michael_Zumbluskas_(New York),https://ballotpedia.org/Michael_Zumbluskas
3265,3265,H2NY13096,"ESPAILLAT, ADRIANO",House,Incumbent,New York,Democratic Party,Adriano,Espaillat,Adriano_Espaillat,Adriano_Espaillat_(New York),https://ballotpedia.org/Adriano_Espaillat
3266,3266,H2NY13112,"MANTANONA, NICHOLAS MR",House,Challenger,New York,Independent,Nicholas,Mantanona,Nicholas_Mantanona,Nicholas_Mantanona_(New York),https://ballotpedia.org/Nicholas_Mantanona
3267,3267,H2NY13120,"WILLIAMS, LINDSEY DEMART",House,Challenger,New York,Democratic Party,Lindsey,Williams,Lindsey_Williams,Lindsey_Williams_(New York),https://ballotpedia.org/Lindsey_Williams
3268,3268,H2NY13138,"GOUMAIN, BRUCE JEAN-CLAUDE",House,,New York,Democratic Party,Bruce,Goumain,Bruce_Goumain,Bruce_Goumain_(New York),https://ballotpedia.org/Bruce_Goumain
3269,3269,H2NY14037,"MALONEY, CAROLYN B.",House,Incumbent,New York,Democratic Party,Carolyn,Maloney,Carolyn_Maloney,Carolyn_Maloney_(New York),https://ballotpedia.org/Carolyn_Maloney
3270,3270,H2NY14094,"CUELLAR, DESI",House,Challenger,New York,Republican Party,Desi,Cuellar,Desi_Cuellar,Desi_Cuellar_(New York),https://ballotpedia.org/Desi_Cuellar
3271,3271,H2NY14102,"HOWE, JONATHAN MR.",House,Challenger,New York,Libertarian Party,Jonathan,Howe,Jonathan_Howe,Jonathan_Howe_(New York),https://ballotpedia.org/Jonathan_Howe
3272,3272,H2NY14128,"FORTE, TINA",House,Challenger,New York,Republican Party,Tina,Forte,Tina_Forte,Tina_Forte_(New York),https://ballotpedia.org/Tina_Forte
3273,3273,H2NY14136,"MARRERO, EDGARDO R MR.",House,Challenger,New York,Democratic Party,Edgardo,Marrero,Edgardo_Marrero,Edgardo_Marrero_(New York),https://ballotpedia.org/Edgardo_Marrero
3274,3274,H2NY14144,"HERNANDEZ, MIGUEL MR.",House,Challenger,New York,Republican Party,Miguel,Hernandez,Miguel_Hernandez,Miguel_Hernandez_(New York),https://ballotpedia.org/Miguel_Hernandez
3275,3275,H2NY14151,"DE JESUS-CONIGLIO, PURA",House,Challenger,New York,Republican Party,Pura,De jesus-coniglio,Pura_De jesus-coniglio,Pura_De jesus-coniglio_(New York),https://ballotpedia.org/Pura_De jesus-coniglio
3276,3276,H2NY14169,"ZHERKA, HASIME SAMANTHA MRS.",House,Challenger,New York,No Party Affiliation,Hasime,Zherka,Hasime_Zherka,Hasime_Zherka_(New York),https://ballotpedia.org/Hasime_Zherka
3277,3277,H2NY14177,"JIN, JAE EUN CHOI",House,,New York,Unknown,Jae,Jin,Jae_Jin,Jae_Jin_(New York),https://ballotpedia.org/Jae_Jin
3278,3278,H2NY16065,"DELICES, PATRICK",House,Challenger,New York,Republican Party,Patrick,Delices,Patrick_Delices,Patrick_Delices_(New York),https://ballotpedia.org/Patrick_Delices
3279,3279,H2NY16073,"CASANOVA DOMINGUEZ, MANUEL IGNACIO",House,Challenger,New York,Democratic Party,Manuel,Casanova dominguez,Manuel_Casanova dominguez,Manuel_Casanova dominguez_(New York),https://ballotpedia.org/Manuel_Casanova dominguez
3280,3280,H2NY16081,"GASHI, VEDAT",House,Challenger,New York,Democratic Party,Vedat,Gashi,Vedat_Gashi,Vedat_Gashi_(New York),https://ballotpedia.org/Vedat_Gashi
3281,3281,H2NY16099,"FAULKNER, WILLIAM",House,Challenger,New York,Republican Party,William,Faulkner,William_Faulkner,William_Faulkner_(New York),https://ballotpedia.org/William_Faulkner
3282,3282,H2NY17071,"NADLER, JERROLD L.",House,Incumbent,New York,Democratic Party,Jerrold,Nadler,Jerrold_Nadler,Jerrold_Nadler_(New York),https://ballotpedia.org/Jerrold_Nadler
3283,3283,H2NY17154,"SCHREPEL, JACK",House,,New York,Republican Party,Jack,Schrepel,Jack_Schrepel,Jack_Schrepel_(New York),https://ballotpedia.org/Jack_Schrepel
3284,3284,H2NY18012,"BETANCOURT, ISMAEL JR.",House,,New York,Democratic Party,Ismael,Betancourt,Ismael_Betancourt,Ismael_Betancourt_(New York),https://ballotpedia.org/Ismael_Betancourt
3285,3285,H2NY18087,"SCHMITT, COLIN J",House,Challenger,New York,Republican Party,Colin,Schmitt,Colin_Schmitt,Colin_Schmitt_(New York),https://ballotpedia.org/Colin_Schmitt
3286,3286,H2NY18095,"BEREAN, MICHAEL FRANCIS",House,Challenger,New York,Democratic Party,Michael,Berean,Michael_Berean,Michael_Berean_(New York),https://ballotpedia.org/Michael_Berean
3287,3287,H2NY19119,"BUCCOLA, BRANDON",House,Challenger,New York,Republican Party,Brandon,Buccola,Brandon_Buccola,Brandon_Buccola_(New York),https://ballotpedia.org/Brandon_Buccola
3288,3288,H2NY19127,"MOLINARO, MARCUS J.",House,Challenger,New York,Republican Party,Marcus,Molinaro,Marcus_Molinaro,Marcus_Molinaro_(New York),https://ballotpedia.org/Marcus_Molinaro
3289,3289,H2NY20109,"MATTHEWS, COLE FRANCIS MR.",House,Challenger,New York,Democratic Party,Cole,Matthews,Cole_Matthews,Cole_Matthews_(New York),https://ballotpedia.org/Cole_Matthews
3290,3290,H2NY20117,"CHAIRES, JUSTIN RAPHAEL MR",House,Challenger,New York,Democratic Party,Justin,Chaires,Justin_Chaires,Justin_Chaires_(New York),https://ballotpedia.org/Justin_Chaires
3291,3291,H2NY20125,"RAR, ROSTISLAV",House,Challenger,New York,Democratic Party,Rostislav,Rar,Rostislav_Rar,Rostislav_Rar_(New York),https://ballotpedia.org/Rostislav_Rar
3292,3292,H2NY20133,"FALLON-UNDERWOOD, JACK",House,Challenger,New York,Democratic Party,Jack,Fallon-underwood,Jack_Fallon-underwood,Jack_Fallon-underwood_(New York),https://ballotpedia.org/Jack_Fallon-underwood
3293,3293,H2NY21115,"NELSON, PATRICK F",House,Challenger,New York,Democratic Party,Patrick,Nelson,Patrick_Nelson,Patrick_Nelson_(New York),https://ballotpedia.org/Patrick_Nelson
3294,3294,H2NY21123,"KOONS, LONNY",House,Challenger,New York,Republican Party,Lonny,Koons,Lonny_Koons,Lonny_Koons_(New York),https://ballotpedia.org/Lonny_Koons
3295,3295,H2NY21131,"WATSON, EZRA",House,Challenger,New York,Democratic Party,Ezra,Watson,Ezra_Watson,Ezra_Watson_(New York),https://ballotpedia.org/Ezra_Watson
3296,3296,H2NY21149,"PUTORTI, MATTHEW",House,Challenger,New York,Democratic Party,Matthew,Putorti,Matthew_Putorti,Matthew_Putorti_(New York),https://ballotpedia.org/Matthew_Putorti
3297,3297,H2NY21156,"FARRELL, BRIDIE",House,Challenger,New York,Democratic Party,Bridie,Farrell,Bridie_Farrell,Bridie_Farrell_(New York),https://ballotpedia.org/Bridie_Farrell
3298,3298,H2NY21164,"CASTELLI, MATT",House,Challenger,New York,Democratic Party,Matt,Castelli,Matt_Castelli,Matt_Castelli_(New York),https://ballotpedia.org/Matt_Castelli
3299,3299,H2NY21172,"SHERRILL, KEITH",House,Challenger,New York,Democratic Party,Keith,Sherrill,Keith_Sherrill,Keith_Sherrill_(New York),https://ballotpedia.org/Keith_Sherrill
3300,3300,H2NY22139,"MALONEY, SEAN PATRICK",House,Incumbent,New York,Democratic Party,Sean,Maloney,Sean_Maloney,Sean_Maloney_(New York),https://ballotpedia.org/Sean_Maloney
3301,3301,H2NY22170,"STEWART, HAL",House,Challenger,New York,Independent,Hal,Stewart,Hal_Stewart,Hal_Stewart_(New York),https://ballotpedia.org/Hal_Stewart
3302,3302,H2NY22188,"RIDLEY, MIKAYLA",House,Challenger,New York,Democratic Party,Mikayla,Ridley,Mikayla_Ridley,Mikayla_Ridley_(New York),https://ballotpedia.org/Mikayla_Ridley
3303,3303,H2NY22196,"FAJANS-TURNER, VANESSA",House,Challenger,New York,Democratic Party,Vanessa,Fajans-turner,Vanessa_Fajans-turner,Vanessa_Fajans-turner_(New York),https://ballotpedia.org/Vanessa_Fajans-turner
3304,3304,H2NY22204,"ROBERTS, SAM",House,Challenger,New York,Democratic Party,Sam,Roberts,Sam_Roberts,Sam_Roberts_(New York),https://ballotpedia.org/Sam_Roberts
3305,3305,H2NY22212,"WILLIAMS, BRANDON MCDONALD",House,Challenger,New York,Republican Party,Brandon,Williams,Brandon_Williams,Brandon_Williams_(New York),https://ballotpedia.org/Brandon_Williams
3306,3306,H2NY22220,"SIGLER, MICHAEL J.",House,Challenger,New York,Republican Party,Michael,Sigler,Michael_Sigler,Michael_Sigler_(New York),https://ballotpedia.org/Michael_Sigler
3307,3307,H2NY23111,"BAHAR, HUGH",House,Open seat,New York,Republican Party,Hugh,Bahar,Hugh_Bahar,Hugh_Bahar_(New York),https://ballotpedia.org/Hugh_Bahar
3308,3308,H2NY23129,"RECOTTA, JAMES P",House,Open seat,New York,Republican Party,James,Recotta,James_Recotta,James_Recotta_(New York),https://ballotpedia.org/James_Recotta
3309,3309,H2NY23137,"SEMPOLINSKI, JOSEPH",House,Open seat,New York,Republican Party,Joseph,Sempolinski,Joseph_Sempolinski,Joseph_Sempolinski_(New York),https://ballotpedia.org/Joseph_Sempolinski
3310,3310,H2NY23145,"MOON, RICHARD",House,Open seat,New York,Republican Party,Richard,Moon,Richard_Moon,Richard_Moon_(New York),https://ballotpedia.org/Richard_Moon
3311,3311,H2NY23152,"FRATTO, MARIO",House,Open seat,New York,Republican Party,Mario,Fratto,Mario_Fratto,Mario_Fratto_(New York),https://ballotpedia.org/Mario_Fratto
3312,3312,H2NY23160,"BURNS, GEORGE H MR",House,Open seat,New York,Republican Party,George,Burns,George_Burns,George_Burns_(New York),https://ballotpedia.org/George_Burns
3313,3313,H2NY23178,"JULIANO, RAYMOND JR",House,,New York,Republican Party,Raymond,Juliano,Raymond_Juliano,Raymond_Juliano_(New York),https://ballotpedia.org/Raymond_Juliano
3314,3314,H2NY23186,"DELLA PIA, MAX",House,Open seat,New York,Democratic Party,Max,Della pia,Max_Della pia,Max_Della pia_(New York),https://ballotpedia.org/Max_Della pia
3315,3315,H2NY24036,"MCHUGH, JOHN M",House,Incumbent,New York,Republican Party,John,Mchugh,John_Mchugh,John_Mchugh_(New York),https://ballotpedia.org/John_Mchugh
3316,3316,H2NY24127,"HOLDEN, STEVEN WESLEY SR.",House,Challenger,New York,Democratic Party,Steven,Holden,Steven_Holden,Steven_Holden_(New York),https://ballotpedia.org/Steven_Holden
3317,3317,H2NY24135,"MURTARI, JOHN",House,Challenger,New York,Republican Party,John,Murtari,John_Murtari,John_Murtari_(New York),https://ballotpedia.org/John_Murtari
3318,3318,H2NY24143,"KO, TIM",House,Challenger,New York,Republican Party,Tim,Ko,Tim_Ko,Tim_Ko_(New York),https://ballotpedia.org/Tim_Ko
3319,3319,H2NY24150,"KLEE HOOD, SARAH",House,Challenger,New York,Democratic Party,Sarah,Klee hood,Sarah_Klee hood,Sarah_Klee hood_(New York),https://ballotpedia.org/Sarah_Klee hood
3320,3320,H2NY24168,"MAJOK, CHOL-AWAN A",House,Open seat,New York,Democratic Party,Chol-awan,Majok,Chol-awan_Majok,Chol-awan_Majok_(New York),https://ballotpedia.org/Chol-awan_Majok
3321,3321,H2NY24176,"SKELLINGTON, SHELLEY M.",House,Open seat,New York,Democratic Party,Shelley,Skellington,Shelley_Skellington,Shelley_Skellington_(New York),https://ballotpedia.org/Shelley_Skellington
3322,3322,H2NY25082,"SINGLETARY, LA'RON DESMOND",House,Challenger,New York,Republican Party,La'ron,Singletary,La'ron_Singletary,La'ron_Singletary_(New York),https://ballotpedia.org/La'ron_Singletary
3323,3323,H2NY25090,"CHUMERT, FESTUS MR",House,Challenger,New York,Independent Conservative Democratic,Festus,Chumert,Festus_Chumert,Festus_Chumert_(New York),https://ballotpedia.org/Festus_Chumert
3324,3324,H2NY26189,"SAMS, STEVEN LYNN MR II",House,Challenger,New York,Republican Party,Steven,Sams,Steven_Sams,Steven_Sams_(New York),https://ballotpedia.org/Steven_Sams
3325,3325,H2NY29076,"SMITH, DANIELLE LEYTON MR",House,Challenger,New York,Independent Conservative Democratic,Danielle,Smith,Danielle_Smith,Danielle_Smith_(New York),https://ballotpedia.org/Danielle_Smith
3326,3326,H2NY29084,"BRITANY, ARTHUR MR",House,Challenger,New York,Independent Conservative Democratic,Arthur,Britany,Arthur_Britany,Arthur_Britany_(New York),https://ballotpedia.org/Arthur_Britany
3327,3327,H2NY38010,"LANSFORD, MICHAEL MR",House,,New York,Independent Conservative Democratic,Michael,Lansford,Michael_Lansford,Michael_Lansford_(New York),https://ballotpedia.org/Michael_Lansford
3328,3328,H2NY41014,"LANDER, DAVID ERIC",House,Challenger,New York,Independent Conservative Democratic,David,Lander,David_Lander,David_Lander_(New York),https://ballotpedia.org/David_Lander
3329,3329,H2NY44018,"DIAMOND, GAYLE RACHEL",House,Challenger,New York,Independent Conservative Democratic,Gayle,Diamond,Gayle_Diamond,Gayle_Diamond_(New York),https://ballotpedia.org/Gayle_Diamond
3330,3330,H2NY44026,"MCDONALD, HUMPHREY MR",House,Challenger,New York,Independent Conservative Democratic,Humphrey,Mcdonald,Humphrey_Mcdonald,Humphrey_Mcdonald_(New York),https://ballotpedia.org/Humphrey_Mcdonald
3331,3331,H2NY49017,"FORSYTH, HIRAM MR",House,Challenger,New York,Independent Conservative Democratic,Hiram,Forsyth,Hiram_Forsyth,Hiram_Forsyth_(New York),https://ballotpedia.org/Hiram_Forsyth
3332,3332,H2NY49025,"MARTINEZ, RAYMOND MR",House,Challenger,New York,Independent Conservative Democratic,Raymond,Martinez,Raymond_Martinez,Raymond_Martinez_(New York),https://ballotpedia.org/Raymond_Martinez
3333,3333,H2NY81010,"FALK, EDWARD MR",House,Challenger,New York,Independent Conservative Democratic,Edward,Falk,Edward_Falk,Edward_Falk_(New York),https://ballotpedia.org/Edward_Falk
3334,3334,H2NY88015,"LANGDON, MICHAEL BRISTOL MR",House,Challenger,New York,Independent Conservative Democratic,Michael,Langdon,Michael_Langdon,Michael_Langdon_(New York),https://ballotpedia.org/Michael_Langdon
3335,3335,H2OH01178,"REDDEN, SAVANNA",House,Challenger,Ohio,Democratic Party,Savanna,Redden,Savanna_Redden,Savanna_Redden_(Ohio),https://ballotpedia.org/Savanna_Redden
3336,3336,H2OH01186,"CENTERS, BRENT W",House,Challenger,Ohio,Republican Party,Brent,Centers,Brent_Centers,Brent_Centers_(Ohio),https://ballotpedia.org/Brent_Centers
3337,3337,H2OH01194,"LANDSMAN, GREG",House,Challenger,Ohio,Democratic Party,Greg,Landsman,Greg_Landsman,Greg_Landsman_(Ohio),https://ballotpedia.org/Greg_Landsman
3338,3338,H2OH01202,"GIROUX, JENN",House,,Ohio,Republican Party,Jenn,Giroux,Jenn_Giroux,Jenn_Giroux_(Ohio),https://ballotpedia.org/Jenn_Giroux
3339,3339,H2OH02077,"CONDIT, JR., JIM",House,Challenger,Ohio,Republican Party,Jr.jim,Condit,Jr.jim_Condit,Jr.jim_Condit_(Ohio),https://ballotpedia.org/Jr.jim_Condit
3340,3340,H2OH02085,"WENSTRUP, BRAD DR.",House,Incumbent,Ohio,Republican Party,Brad,Wenstrup,Brad_Wenstrup,Brad_Wenstrup_(Ohio),https://ballotpedia.org/Brad_Wenstrup
3341,3341,H2OH02093,"KUNDRATA, FREDERICK LOUIS III",House,Challenger,Ohio,Democratic Party,Frederick,Kundrata,Frederick_Kundrata,Frederick_Kundrata_(Ohio),https://ballotpedia.org/Frederick_Kundrata
3342,3342,H2OH02127,"MEADOWS, SAMANTHA",House,Challenger,Ohio,Democratic Party,Samantha,Meadows,Samantha_Meadows,Samantha_Meadows_(Ohio),https://ballotpedia.org/Samantha_Meadows
3343,3343,H2OH02135,"DARNOWSKY, ALAN",House,Challenger,Ohio,Democratic Party,Alan,Darnowsky,Alan_Darnowsky,Alan_Darnowsky_(Ohio),https://ballotpedia.org/Alan_Darnowsky
3344,3344,H2OH02143,"WINDISCH, DAVID J",House,,Ohio,Republican Party,David,Windisch,David_Windisch,David_Windisch_(Ohio),https://ballotpedia.org/David_Windisch
3345,3345,H2OH03067,"TURNER, MICHAEL R REP.",House,Incumbent,Ohio,Republican Party,Michael,Turner,Michael_Turner,Michael_Turner_(Ohio),https://ballotpedia.org/Michael_Turner
3346,3346,H2OH03125,"BEATTY, JOYCE",House,Incumbent,Ohio,Democratic Party,Joyce,Beatty,Joyce_Beatty,Joyce_Beatty_(Ohio),https://ballotpedia.org/Joyce_Beatty
3347,3347,H2OH03141,"LONG, CHRIS",House,Challenger,Ohio,Republican Party,Chris,Long,Chris_Long,Chris_Long_(Ohio),https://ballotpedia.org/Chris_Long
3348,3348,H2OH03174,"MEADE, MATTHEW ALLEN",House,Challenger,Ohio,Democratic Party,Matthew,Meade,Matthew_Meade,Matthew_Meade_(Ohio),https://ballotpedia.org/Matthew_Meade
3349,3349,H2OH03182,"PRESTON, JOY",House,Challenger,Ohio,Republican Party,Joy,Preston,Joy_Preston,Joy_Preston_(Ohio),https://ballotpedia.org/Joy_Preston
3350,3350,H2OH03190,"STAHLEY, LEE R.",House,,Ohio,Republican Party,Lee,Stahley,Lee_Stahley,Lee_Stahley_(Ohio),https://ballotpedia.org/Lee_Stahley
3351,3351,H2OH04156,"WILSON, TAMIE",House,,Ohio,Democratic Party,Tamie,Wilson,Tamie_Wilson,Tamie_Wilson_(Ohio),https://ballotpedia.org/Tamie_Wilson
3352,3352,H2OH04164,"WILSON, TAMARA",House,,Ohio,Democratic Party,Tamara,Wilson,Tamara_Wilson,Tamara_Wilson_(Ohio),https://ballotpedia.org/Tamara_Wilson
3353,3353,H2OH05047,"BADDAR, YOUSEFF MILAD",House,Challenger,Ohio,Independent,Youseff,Baddar,Youseff_Baddar,Youseff_Baddar_(Ohio),https://ballotpedia.org/Youseff_Baddar
3354,3354,H2OH05054,"AGAN, JEFFREY JOHN MR. JR",House,Challenger,Ohio,Democratic Party,Jeffrey,Agan,Jeffrey_Agan,Jeffrey_Agan_(Ohio),https://ballotpedia.org/Jeffrey_Agan
3355,3355,H2OH05062,"SWARTZ, CRAIG STEPHEN",House,Challenger,Ohio,Democratic Party,Craig,Swartz,Craig_Swartz,Craig_Swartz_(Ohio),https://ballotpedia.org/Craig_Swartz
3356,3356,H2OH05070,"HEBERLING, MARTIN MATHIAS MR. III",House,Challenger,Ohio,Democratic Party,Martin,Heberling,Martin_Heberling,Martin_Heberling_(Ohio),https://ballotpedia.org/Martin_Heberling
3357,3357,H2OH06110,"MORGENSTERN, MICHAEL S.",House,Challenger,Ohio,Republican Party,Michael,Morgenstern,Michael_Morgenstern,Michael_Morgenstern_(Ohio),https://ballotpedia.org/Michael_Morgenstern
3358,3358,H2OH06128,"ZELENITZ, GREGORY M.",House,,Ohio,Republican Party,Gregory,Zelenitz,Gregory_Zelenitz,Gregory_Zelenitz_(Ohio),https://ballotpedia.org/Gregory_Zelenitz
3359,3359,H2OH07167,"HEALY-ABRAMS, JOYCE",House,Open seat,Ohio,Democratic Party,Joyce,Healy-abrams,Joyce_Healy-abrams,Joyce_Healy-abrams_(Ohio),https://ballotpedia.org/Joyce_Healy-abrams
3360,3360,H2OH07175,"SHOEMAKER, MATTHEW",House,Challenger,Ohio,Republican Party,Matthew,Shoemaker,Matthew_Shoemaker,Matthew_Shoemaker_(Ohio),https://ballotpedia.org/Matthew_Shoemaker
3361,3361,H2OH07183,"HARMAN, MATTHEW S",House,Challenger,Ohio,Democratic Party,Matthew,Harman,Matthew_Harman,Matthew_Harman_(Ohio),https://ballotpedia.org/Matthew_Harman
3362,3362,H2OH07191,"IMPELLIZZERI, JOHN ANTHONY",House,Challenger,Ohio,Democratic Party,John,Impellizzeri,John_Impellizzeri,John_Impellizzeri_(Ohio),https://ballotpedia.org/John_Impellizzeri
3363,3363,H2OH07209,"SABATUCCI, DANTE",House,Challenger,Ohio,Republican Party,Dante,Sabatucci,Dante_Sabatucci,Dante_Sabatucci_(Ohio),https://ballotpedia.org/Dante_Sabatucci
3364,3364,H2OH07217,"GORMAN, LYNN CAROL",House,Challenger,Ohio,Independent,Lynn,Gorman,Lynn_Gorman,Lynn_Gorman_(Ohio),https://ballotpedia.org/Lynn_Gorman
3365,3365,H2OH07225,"SAYLOR, RYAN",House,Challenger,Ohio,Republican Party,Ryan,Saylor,Ryan_Saylor,Ryan_Saylor_(Ohio),https://ballotpedia.org/Ryan_Saylor
3366,3366,H2OH07233,"RADER, TRISTAN",House,Challenger,Ohio,Democratic Party,Tristan,Rader,Tristan_Rader,Tristan_Rader_(Ohio),https://ballotpedia.org/Tristan_Rader
3367,3367,H2OH07241,"MALLEY, PATRICK A.",House,,Ohio,Democratic Party,Patrick,Malley,Patrick_Malley,Patrick_Malley_(Ohio),https://ballotpedia.org/Patrick_Malley
3368,3368,H2OH07258,"ALEXANDER, ANTHONY LEON",House,,Ohio,Republican Party,Anthony,Alexander,Anthony_Alexander,Anthony_Alexander_(Ohio),https://ballotpedia.org/Anthony_Alexander
3369,3369,H2OH08058,"HARDENBROOK, JEFF",House,Challenger,Ohio,Democratic Party,Jeff,Hardenbrook,Jeff_Hardenbrook,Jeff_Hardenbrook_(Ohio),https://ballotpedia.org/Jeff_Hardenbrook
3370,3370,H2OH08082,"HEIMLICH, PHIL",House,Challenger,Ohio,Republican Party,Phil,Heimlich,Phil_Heimlich,Phil_Heimlich_(Ohio),https://ballotpedia.org/Phil_Heimlich
3371,3371,H2OH09031,"KAPTUR, MARCY",House,Incumbent,Ohio,Democratic Party,Marcy,Kaptur,Marcy_Kaptur,Marcy_Kaptur_(Ohio),https://ballotpedia.org/Marcy_Kaptur
3372,3372,H2OH09155,"MAJEWSKI, J R",House,Challenger,Ohio,Republican Party,J,Majewski,J_Majewski,J_Majewski_(Ohio),https://ballotpedia.org/J_Majewski
3373,3373,H2OH09163,"GILBERT, MADISON GESIOTTO",House,Challenger,Ohio,Republican Party,Madison,Gilbert,Madison_Gilbert,Madison_Gilbert_(Ohio),https://ballotpedia.org/Madison_Gilbert
3374,3374,H2OH09171,"GAVARONE, THERESA",House,Challenger,Ohio,Republican Party,Theresa,Gavarone,Theresa_Gavarone,Theresa_Gavarone_(Ohio),https://ballotpedia.org/Theresa_Gavarone
3375,3375,H2OH09189,"RIEDEL, CRAIG",House,Challenger,Ohio,Republican Party,Craig,Riedel,Craig_Riedel,Craig_Riedel_(Ohio),https://ballotpedia.org/Craig_Riedel
3376,3376,H2OH09197,"ABDULLAHI, MUNIRA YASIN",House,Challenger,Ohio,Democratic Party,Munira,Abdullahi,Munira_Abdullahi,Munira_Abdullahi_(Ohio),https://ballotpedia.org/Munira_Abdullahi
3377,3377,H2OH10252,"STAPLETON, BAXTER",House,Challenger,Ohio,Democratic Party,Baxter,Stapleton,Baxter_Stapleton,Baxter_Stapleton_(Ohio),https://ballotpedia.org/Baxter_Stapleton
3378,3378,H2OH10260,"BENJAMIN, KIRK ALAN",House,Challenger,Ohio,Democratic Party,Kirk,Benjamin,Kirk_Benjamin,Kirk_Benjamin_(Ohio),https://ballotpedia.org/Kirk_Benjamin
3379,3379,H2OH11151,"TURNER, NINA",House,Challenger,Ohio,Democratic Party,Nina,Turner,Nina_Turner,Nina_Turner_(Ohio),https://ballotpedia.org/Nina_Turner
3380,3380,H2OH11169,"BROWN, M SHONTEL",House,Incumbent,Ohio,Democratic Party,M,Brown,M_Brown,M_Brown_(Ohio),https://ballotpedia.org/M_Brown
3381,3381,H2OH11177,"JOHNSON, JEFFREY DAVID",House,Open seat,Ohio,Democratic Party,Jeffrey,Johnson,Jeffrey_Johnson,Jeffrey_Johnson_(Ohio),https://ballotpedia.org/Jeffrey_Johnson
3382,3382,H2OH11185,"BARNES, JOHN E JR",House,Open seat,Ohio,Democratic Party,John,Barnes,John_Barnes,John_Barnes_(Ohio),https://ballotpedia.org/John_Barnes
3383,3383,H2OH11193,"SMITH, SHIRLEY A MS",House,Open seat,Ohio,Democratic Party,Shirley,Smith,Shirley_Smith,Shirley_Smith_(Ohio),https://ballotpedia.org/Shirley_Smith
3384,3384,H2OH11201,"FLANNERY, BRYAN",House,Open seat,Ohio,Democratic Party,Bryan,Flannery,Bryan_Flannery,Bryan_Flannery_(Ohio),https://ballotpedia.org/Bryan_Flannery
3385,3385,H2OH11219,"CORRIGAN, DANIEL P",House,Open seat,Ohio,Democratic Party,Daniel,Corrigan,Daniel_Corrigan,Daniel_Corrigan_(Ohio),https://ballotpedia.org/Daniel_Corrigan
3386,3386,H2OH11227,"KNIGHT, WILL",House,Open seat,Ohio,Democratic Party,Will,Knight,Will_Knight,Will_Knight_(Ohio),https://ballotpedia.org/Will_Knight
3387,3387,H2OH11235,"PINKNEY BUTTS, PAMELA M APOSTLETT REV.",House,Open seat,Ohio,,Pamela,Pinkney butts,Pamela_Pinkney butts,Pamela_Pinkney butts_(Ohio),https://ballotpedia.org/Pamela_Pinkney butts
3388,3388,H2OH11243,"COREY, SETH",House,Open seat,Ohio,Democratic Party,Seth,Corey,Seth_Corey,Seth_Corey_(Ohio),https://ballotpedia.org/Seth_Corey
3389,3389,H2OH11250,"HEMPHILL, JAMES TERRELLE",House,Challenger,Ohio,Republican Party,James,Hemphill,James_Hemphill,James_Hemphill_(Ohio),https://ballotpedia.org/James_Hemphill
3390,3390,H2OH11276,"WASHINGTON, FELICIA ROSS",House,Open seat,Ohio,Republican Party,Felicia,Washington,Felicia_Washington,Felicia_Washington_(Ohio),https://ballotpedia.org/Felicia_Washington
3391,3391,H2OH11284,"SHABAZZ, LATEEK R",House,Open seat,Ohio,Democratic Party,Lateek,Shabazz,Lateek_Shabazz,Lateek_Shabazz_(Ohio),https://ballotpedia.org/Lateek_Shabazz
3392,3392,H2OH11292,"WASHINGTON ROSS, FELICIA",House,Open seat,Ohio,Republican Party,Felicia,Washington ross,Felicia_Washington ross,Felicia_Washington ross_(Ohio),https://ballotpedia.org/Felicia_Washington ross
3393,3393,H2OH11300,"ALEXANDER, MARTIN",House,Challenger,Ohio,Democratic Party,Martin,Alexander,Martin_Alexander,Martin_Alexander_(Ohio),https://ballotpedia.org/Martin_Alexander
3394,3394,H2OH11318,"WRIGHT-MCDONALD, REECE MASTER",House,Open seat,Ohio,Reform Party,Reece,Wright-mcdonald,Reece_Wright-mcdonald,Reece_Wright-mcdonald_(Ohio),https://ballotpedia.org/Reece_Wright-mcdonald
3395,3395,H2OH11326,"BREWER, ERIC J.",House,,Ohio,Republican Party,Eric,Brewer,Eric_Brewer,Eric_Brewer_(Ohio),https://ballotpedia.org/Eric_Brewer
3396,3396,H2OH12118,"O'CONNOR, DANIEL JAY JR.",House,Challenger,Ohio,Democratic Party,Daniel,O'connor,Daniel_O'connor,Daniel_O'connor_(Ohio),https://ballotpedia.org/Daniel_O'connor
3397,3397,H2OH12126,"RIPPEL-ELTON, AMY MRS.",House,,Ohio,Democratic Party,Amy,Rippel-elton,Amy_Rippel-elton,Amy_Rippel-elton_(Ohio),https://ballotpedia.org/Amy_Rippel-elton
3398,3398,H2OH12134,"ELTON, AMY RIPPEL",House,,Ohio,Democratic Party,Amy,Elton,Amy_Elton,Amy_Elton_(Ohio),https://ballotpedia.org/Amy_Elton
3399,3399,H2OH12142,"FLETCHER, MICHAEL",House,,Ohio,Democratic Party,Michael,Fletcher,Michael_Fletcher,Michael_Fletcher_(Ohio),https://ballotpedia.org/Michael_Fletcher
3400,3400,H2OH13207,"SIMMS, JILL",House,Open seat,Ohio,Republican Party,Jill,Simms,Jill_Simms,Jill_Simms_(Ohio),https://ballotpedia.org/Jill_Simms
3401,3401,H2OH13215,"JONES, ERIC SCOTT",House,Open seat,Ohio,Democratic Party,Eric,Jones,Eric_Jones,Eric_Jones_(Ohio),https://ballotpedia.org/Eric_Jones
3402,3402,H2OH13223,"KILBOY, MATTHEW",House,Challenger,Ohio,Democratic Party,Matthew,Kilboy,Matthew_Kilboy,Matthew_Kilboy_(Ohio),https://ballotpedia.org/Matthew_Kilboy
3403,3403,H2OH13231,"HAWKINS, SHAY",House,Open seat,Ohio,Republican Party,Shay,Hawkins,Shay_Hawkins,Shay_Hawkins_(Ohio),https://ballotpedia.org/Shay_Hawkins
3404,3404,H2OH13249,"GADDIS, CHARLIE",House,Open seat,Ohio,Republican Party,Charlie,Gaddis,Charlie_Gaddis,Charlie_Gaddis_(Ohio),https://ballotpedia.org/Charlie_Gaddis
3405,3405,H2OH13256,"WHEELER, GREGORY",House,Open seat,Ohio,Republican Party,Gregory,Wheeler,Gregory_Wheeler,Gregory_Wheeler_(Ohio),https://ballotpedia.org/Gregory_Wheeler
3406,3406,H2OH13264,"SYKES, EMILIA",House,Open seat,Ohio,Democratic Party,Emilia,Sykes,Emilia_Sykes,Emilia_Sykes_(Ohio),https://ballotpedia.org/Emilia_Sykes
3407,3407,H2OH13272,"FOLGER PORTER, JANET L",House,Open seat,Ohio,Republican Party,Janet,Folger porter,Janet_Folger porter,Janet_Folger porter_(Ohio),https://ballotpedia.org/Janet_Folger porter
3408,3408,H2OH13280,"KING, SANTANA FRANCISCO",House,Open seat,Ohio,Republican Party,Santana,King,Santana_King,Santana_King_(Ohio),https://ballotpedia.org/Santana_King
3409,3409,H2OH14064,"JOYCE, DAVID P",House,Incumbent,Ohio,Republican Party,David,Joyce,David_Joyce,David_Joyce_(Ohio),https://ballotpedia.org/David_Joyce
3410,3410,H2OH14098,"KELLEY, BRENDEN P.",House,Challenger,Ohio,Democratic Party,Brenden,Kelley,Brenden_Kelley,Brenden_Kelley_(Ohio),https://ballotpedia.org/Brenden_Kelley
3411,3411,H2OH14106,"AWTREY, PATRICK EUGENE MR.",House,Challenger,Ohio,Republican Party,Patrick,Awtrey,Patrick_Awtrey,Patrick_Awtrey_(Ohio),https://ballotpedia.org/Patrick_Awtrey
3412,3412,H2OH14114,"FREDRICKSON, MATTHEW",House,Challenger,Ohio,Republican Party,Matthew,Fredrickson,Matthew_Fredrickson,Matthew_Fredrickson_(Ohio),https://ballotpedia.org/Matthew_Fredrickson
3413,3413,H2OH14122,"CORMACK, BEVIN",House,,Ohio,Republican Party,Bevin,Cormack,Bevin_Cormack,Bevin_Cormack_(Ohio),https://ballotpedia.org/Bevin_Cormack
3414,3414,H2OH15046,"PRYCE, DEBORAH D.",House,Incumbent,Ohio,Republican Party,Deborah,Pryce,Deborah_Pryce,Deborah_Pryce_(Ohio),https://ballotpedia.org/Deborah_Pryce
3415,3415,H2OH15111,"MCKENZIE, ELIZABETH GRACE MS",House,Challenger,Ohio,Unaffiliated,Elizabeth,Mckenzie,Elizabeth_Mckenzie,Elizabeth_Mckenzie_(Ohio),https://ballotpedia.org/Elizabeth_Mckenzie
3416,3416,H2OH15129,"PETERSON, BOB",House,Open seat,Ohio,Republican Party,Bob,Peterson,Bob_Peterson,Bob_Peterson_(Ohio),https://ballotpedia.org/Bob_Peterson
3417,3417,H2OH15137,"STEWART, BRIAN",House,Open seat,Ohio,Republican Party,Brian,Stewart,Brian_Stewart,Brian_Stewart_(Ohio),https://ballotpedia.org/Brian_Stewart
3418,3418,H2OH15145,"LARE, JEFF",House,Challenger,Ohio,Republican Party,Jeff,Lare,Jeff_Lare,Jeff_Lare_(Ohio),https://ballotpedia.org/Jeff_Lare
3419,3419,H2OH15152,"KUNZE, STEPHANIE L.",House,Open seat,Ohio,Republican Party,Stephanie,Kunze,Stephanie_Kunze,Stephanie_Kunze_(Ohio),https://ballotpedia.org/Stephanie_Kunze
3420,3420,H2OH15160,"EDMONDS, RUTH",House,Challenger,Ohio,Republican Party,Ruth,Edmonds,Ruth_Edmonds,Ruth_Edmonds_(Ohio),https://ballotpedia.org/Ruth_Edmonds
3421,3421,H2OH15178,"FIX, JEFFREY M",House,Open seat,Ohio,Republican Party,Jeffrey,Fix,Jeffrey_Fix,Jeffrey_Fix_(Ohio),https://ballotpedia.org/Jeffrey_Fix
3422,3422,H2OH15186,"TARAZI, OMAR",House,Open seat,Ohio,Republican Party,Omar,Tarazi,Omar_Tarazi,Omar_Tarazi_(Ohio),https://ballotpedia.org/Omar_Tarazi
3423,3423,H2OH15194,"STINZIANO, MICHAEL",House,Open seat,Ohio,Democratic Party,Michael,Stinziano,Michael_Stinziano,Michael_Stinziano_(Ohio),https://ballotpedia.org/Michael_Stinziano
3424,3424,H2OH15202,"HWANG, THOMAS",House,Open seat,Ohio,Republican Party,Thomas,Hwang,Thomas_Hwang,Thomas_Hwang_(Ohio),https://ballotpedia.org/Thomas_Hwang
3425,3425,H2OH15210,"RUSSO, ALLISON",House,Open seat,Ohio,Democratic Party,Allison,Russo,Allison_Russo,Allison_Russo_(Ohio),https://ballotpedia.org/Allison_Russo
3426,3426,H2OH15228,"CAREY, MIKE",House,Incumbent,Ohio,Republican Party,Mike,Carey,Mike_Carey,Mike_Carey_(Ohio),https://ballotpedia.org/Mike_Carey
3427,3427,H2OH15236,"COOPERRIDER, THAD CHALMERS",House,Open seat,Ohio,Republican Party,Thad,Cooperrider,Thad_Cooperrider,Thad_Cooperrider_(Ohio),https://ballotpedia.org/Thad_Cooperrider
3428,3428,H2OH15244,"BETTS, GREG",House,Open seat,Ohio,Democratic Party,Greg,Betts,Greg_Betts,Greg_Betts_(Ohio),https://ballotpedia.org/Greg_Betts
3429,3429,H2OH15251,"CLARK, ERIC M.",House,Open seat,Ohio,Republican Party,Eric,Clark,Eric_Clark,Eric_Clark_(Ohio),https://ballotpedia.org/Eric_Clark
3430,3430,H2OH15269,"JOSEPHSON, GARY",House,,Ohio,Democratic Party,Gary,Josephson,Gary_Josephson,Gary_Josephson_(Ohio),https://ballotpedia.org/Gary_Josephson
3431,3431,H2OH16044,"DIEMER, MATTHEW",House,Open seat,Ohio,Democratic Party,Matthew,Diemer,Matthew_Diemer,Matthew_Diemer_(Ohio),https://ballotpedia.org/Matthew_Diemer
3432,3432,H2OH16051,"MILLER, MAX",House,Open seat,Ohio,Republican Party,Max,Miller,Max_Miller,Max_Miller_(Ohio),https://ballotpedia.org/Max_Miller
3433,3433,H2OH16069,"SCHULZ, JONAH",House,Open seat,Ohio,Republican Party,Jonah,Schulz,Jonah_Schulz,Jonah_Schulz_(Ohio),https://ballotpedia.org/Jonah_Schulz
3434,3434,H2OH16077,"GUSTAFSON EWING, REGINA ANNE",House,Open seat,Ohio,Independent,Regina,Gustafson ewing,Regina_Gustafson ewing,Regina_Gustafson ewing_(Ohio),https://ballotpedia.org/Regina_Gustafson ewing
3435,3435,H2OH17109,"RYAN, TIMOTHY",House,Incumbent,Ohio,Democratic Party,Timothy,Ryan,Timothy_Ryan,Timothy_Ryan_(Ohio),https://ballotpedia.org/Timothy_Ryan
3436,3436,H2OH19204,"DECK, BETH A. MRS.",House,,Ohio,Republican Party,Beth,Deck,Beth_Deck,Beth_Deck_(Ohio),https://ballotpedia.org/Beth_Deck
3437,3437,H2OH44012,"BIRBECK, PHILEMON MR",House,,Ohio,Independent Conservative Democratic,Philemon,Birbeck,Philemon_Birbeck,Philemon_Birbeck_(Ohio),https://ballotpedia.org/Philemon_Birbeck
3438,3438,H2OH52015,"CURRY, MACDUFF MR",House,,Ohio,Independent Conservative Democratic,Macduff,Curry,Macduff_Curry,Macduff_Curry_(Ohio),https://ballotpedia.org/Macduff_Curry
3439,3439,H2OK01143,"BRIDENSTINE, JAMES FREDERICK",House,Incumbent,Oklahoma,Republican Party,James,Bridenstine,James_Bridenstine,James_Bridenstine_(Oklahoma),https://ballotpedia.org/James_Bridenstine
3440,3440,H2OK01168,"SWOBODA, JOHN PATRICK",House,Challenger,Oklahoma,Democratic Party,John,Swoboda,John_Swoboda,John_Swoboda_(Oklahoma),https://ballotpedia.org/John_Swoboda
3441,3441,H2OK01176,"MARTIN, ADAM",House,Challenger,Oklahoma,Democratic Party,Adam,Martin,Adam_Martin,Adam_Martin_(Oklahoma),https://ballotpedia.org/Adam_Martin
3442,3442,H2OK02083,"MULLIN, MARKWAYNE MR.",House,Incumbent,Oklahoma,Republican Party,Markwayne,Mullin,Markwayne_Mullin,Markwayne_Mullin_(Oklahoma),https://ballotpedia.org/Markwayne_Mullin
3443,3443,H2OK02182,"QUINN, MARTY L",House,Challenger,Oklahoma,Republican Party,Marty,Quinn,Marty_Quinn,Marty_Quinn_(Oklahoma),https://ballotpedia.org/Marty_Quinn
3444,3444,H2OK02190,"SCHILLER, CHRIS",House,Challenger,Oklahoma,Republican Party,Chris,Schiller,Chris_Schiller,Chris_Schiller_(Oklahoma),https://ballotpedia.org/Chris_Schiller
3445,3445,H2OK02208,"WYATT, ERICK",House,Challenger,Oklahoma,Republican Party,Erick,Wyatt,Erick_Wyatt,Erick_Wyatt_(Oklahoma),https://ballotpedia.org/Erick_Wyatt
3446,3446,H2OK02216,"ROBERTS, DUSTIN",House,Challenger,Oklahoma,Republican Party,Dustin,Roberts,Dustin_Roberts,Dustin_Roberts_(Oklahoma),https://ballotpedia.org/Dustin_Roberts
3447,3447,H2OK02224,"JOHN, BENNETT",House,Challenger,Oklahoma,Republican Party,Bennett,John,Bennett_John,Bennett_John_(Oklahoma),https://ballotpedia.org/Bennett_John
3448,3448,H2OK02232,"TEEHEE, JOHNNY",House,Challenger,Oklahoma,Republican Party,Johnny,Teehee,Johnny_Teehee,Johnny_Teehee_(Oklahoma),https://ballotpedia.org/Johnny_Teehee
3449,3449,H2OK02240,"JOHNSON, CLINT MR",House,Challenger,Oklahoma,Republican Party,Clint,Johnson,Clint_Johnson,Clint_Johnson_(Oklahoma),https://ballotpedia.org/Clint_Johnson
3450,3450,H2OK02257,"FRIX, AVERY",House,Challenger,Oklahoma,Republican Party,Avery,Frix,Avery_Frix,Avery_Frix_(Oklahoma),https://ballotpedia.org/Avery_Frix
3451,3451,H2OK02265,"GRAYSON, RICHARD",House,Challenger,Oklahoma,Democratic Party,Richard,Grayson,Richard_Grayson,Richard_Grayson_(Oklahoma),https://ballotpedia.org/Richard_Grayson
3452,3452,H2OK02273,"GORDON, PAMELA SMITH",House,,Oklahoma,Republican Party,Pamela,Gordon,Pamela_Gordon,Pamela_Gordon_(Oklahoma),https://ballotpedia.org/Pamela_Gordon
3453,3453,H2OK02281,"BARKER, GUY STUART",House,,Oklahoma,Republican Party,Guy,Barker,Guy_Barker,Guy_Barker_(Oklahoma),https://ballotpedia.org/Guy_Barker
3454,3454,H2OK02299,"NOFIRE, JOHN WESLEY",House,,Oklahoma,Republican Party,John,Nofire,John_Nofire,John_Nofire_(Oklahoma),https://ballotpedia.org/John_Nofire
3455,3455,H2OK02307,"ANDREWS, NAOMI",House,,Oklahoma,Democratic Party,Naomi,Andrews,Naomi_Andrews,Naomi_Andrews_(Oklahoma),https://ballotpedia.org/Naomi_Andrews
3456,3456,H2OK02315,"BRECHEEN, JOSH",House,,Oklahoma,Republican Party,Josh,Brecheen,Josh_Brecheen,Josh_Brecheen_(Oklahoma),https://ballotpedia.org/Josh_Brecheen
3457,3457,H2OK02323,"DERBY, DAVID",House,,Oklahoma,Republican Party,David,Derby,David_Derby,David_Derby_(Oklahoma),https://ballotpedia.org/David_Derby
3458,3458,H2OK03115,"ROBERTS, KEVIN SEAN",House,Challenger,Oklahoma,Republican Party,Kevin,Roberts,Kevin_Roberts,Kevin_Roberts_(Oklahoma),https://ballotpedia.org/Kevin_Roberts
3459,3459,H2OK03123,"BURLESON, WILLIAM WADE",House,Challenger,Oklahoma,Republican Party,William,Burleson,William_Burleson,William_Burleson_(Oklahoma),https://ballotpedia.org/William_Burleson
3460,3460,H2OK03131,"GRAYSON, RICHARD",House,Challenger,Oklahoma,Democratic Party,Richard,Grayson,Richard_Grayson,Richard_Grayson_(Oklahoma),https://ballotpedia.org/Richard_Grayson
3461,3461,H2OK04055,"COLE, TOM",House,Incumbent,Oklahoma,Republican Party,Tom,Cole,Tom_Cole,Tom_Cole_(Oklahoma),https://ballotpedia.org/Tom_Cole
3462,3462,H2OK04113,"NUTTLE, MARC",House,Challenger,Oklahoma,Republican Party,Marc,Nuttle,Marc_Nuttle,Marc_Nuttle_(Oklahoma),https://ballotpedia.org/Marc_Nuttle
3463,3463,H2OK04154,"GRAYSON, RICHARD",House,Challenger,Oklahoma,Democratic Party,Richard,Grayson,Richard_Grayson,Richard_Grayson_(Oklahoma),https://ballotpedia.org/Richard_Grayson
3464,3464,H2OK05151,"BROYLES, ABBY",House,Challenger,Oklahoma,Democratic Party,Abby,Broyles,Abby_Broyles,Abby_Broyles_(Oklahoma),https://ballotpedia.org/Abby_Broyles
3465,3465,H2OK05169,"HARRIS-TILL, JOSHUA",House,Challenger,Oklahoma,Democratic Party,Joshua,Harris-till,Joshua_Harris-till,Joshua_Harris-till_(Oklahoma),https://ballotpedia.org/Joshua_Harris-till
3466,3466,H2OK05177,"BANKS, SUBRINA",House,,Oklahoma,Republican Party,Subrina,Banks,Subrina_Banks,Subrina_Banks_(Oklahoma),https://ballotpedia.org/Subrina_Banks
3467,3467,H2OK49019,"DIAMOND, GILBERT MR",House,,Oklahoma,Independent Conservative Democratic,Gilbert,Diamond,Gilbert_Diamond,Gilbert_Diamond_(Oklahoma),https://ballotpedia.org/Gilbert_Diamond
3468,3468,H2OR01133,"BONAMICI, SUZANNE MS.",House,Incumbent,Oregon,Democratic Party,Suzanne,Bonamici,Suzanne_Bonamici,Suzanne_Bonamici_(Oregon),https://ballotpedia.org/Suzanne_Bonamici
3469,3469,H2OR01216,"REYNOLDS, STEVEN CODY",House,Open seat,Oregon,Democratic Party,Steven,Reynolds,Steven_Reynolds,Steven_Reynolds_(Oregon),https://ballotpedia.org/Steven_Reynolds
3470,3470,H2OR01240,"RUSS, DAVID HONORABLE",House,Open seat,Oregon,Republican Party,David,Russ,David_Russ,David_Russ_(Oregon),https://ballotpedia.org/David_Russ
3471,3471,H2OR01257,"RASCON, NICHOLAS",House,Challenger,Oregon,Other,Nicholas,Rascon,Nicholas_Rascon,Nicholas_Rascon_(Oregon),https://ballotpedia.org/Nicholas_Rascon
3472,3472,H2OR01265,"PHILLIPS, G. SCOTT",House,Challenger,Oregon,Democratic Party,G.,Phillips,G._Phillips,G._Phillips_(Oregon),https://ballotpedia.org/G._Phillips
3473,3473,H2OR01273,"MANN, CHRISTOPHER ALLAN",House,Challenger,Oregon,Republican Party,Christopher,Mann,Christopher_Mann,Christopher_Mann_(Oregon),https://ballotpedia.org/Christopher_Mann
3474,3474,H2OR01281,"MURRAY, ARMIDIA (ARMY)",House,Challenger,Oregon,Republican Party,Armidia,Murray,Armidia_Murray,Armidia_Murray_(Oregon),https://ballotpedia.org/Armidia_Murray
3475,3475,H2OR02156,"YETTER, JOSEPH FREDERICK III",House,Challenger,Oregon,Democratic Party,Joseph,Yetter,Joseph_Yetter,Joseph_Yetter_(Oregon),https://ballotpedia.org/Joseph_Yetter
3476,3476,H2OR02164,"CAVENER, MARK",House,Challenger,Oregon,Republican Party,Mark,Cavener,Mark_Cavener,Mark_Cavener_(Oregon),https://ballotpedia.org/Mark_Cavener
3477,3477,H2OR03121,"POLHEMUS, JONATHAN",House,Challenger,Oregon,Democratic Party,Jonathan,Polhemus,Jonathan_Polhemus,Jonathan_Polhemus_(Oregon),https://ballotpedia.org/Jonathan_Polhemus
3478,3478,H2OR04087,"VAN TRESS, JEREMY",House,Open seat,Oregon,Republican Party,Jeremy,Van tress,Jeremy_Van tress,Jeremy_Van tress_(Oregon),https://ballotpedia.org/Jeremy_Van tress
3479,3479,H2OR04095,"HOYLE, VALERIE",House,Open seat,Oregon,Democratic Party,Valerie,Hoyle,Valerie_Hoyle,Valerie_Hoyle_(Oregon),https://ballotpedia.org/Valerie_Hoyle
3480,3480,H2OR04103,"KALLOCH, ANDREW",House,Open seat,Oregon,Democratic Party,Andrew,Kalloch,Andrew_Kalloch,Andrew_Kalloch_(Oregon),https://ballotpedia.org/Andrew_Kalloch
3481,3481,H2OR04111,"SELKER, JOHN STEVEN DR.",House,Open seat,Oregon,Democratic Party,John,Selker,John_Selker,John_Selker_(Oregon),https://ballotpedia.org/John_Selker
3482,3482,H2OR04129,"MULHOLLAND, ZACHARY FLEMING",House,Open seat,Oregon,Democratic Party,Zachary,Mulholland,Zachary_Mulholland,Zachary_Mulholland_(Oregon),https://ballotpedia.org/Zachary_Mulholland
3483,3483,H2OR04152,"AL-ABDRABBUH, SAMI",House,Open seat,Oregon,Democratic Party,Sami,Al-abdrabbuh,Sami_Al-abdrabbuh,Sami_Al-abdrabbuh_(Oregon),https://ballotpedia.org/Sami_Al-abdrabbuh
3484,3484,H2OR04160,"CANNING, DOYLE",House,Open seat,Oregon,Democratic Party,Doyle,Canning,Doyle_Canning,Doyle_Canning_(Oregon),https://ballotpedia.org/Doyle_Canning
3485,3485,H2OR04178,"HOPPE, GARRETT",House,Open seat,Oregon,Republican Party,Garrett,Hoppe,Garrett_Hoppe,Garrett_Hoppe_(Oregon),https://ballotpedia.org/Garrett_Hoppe
3486,3486,H2OR05183,"SANDVIG, NATE",House,Open seat,Oregon,Republican Party,Nate,Sandvig,Nate_Sandvig,Nate_Sandvig_(Oregon),https://ballotpedia.org/Nate_Sandvig
3487,3487,H2OR05191,"EASTON, KEVIN",House,Open seat,Oregon,Democratic Party,Kevin,Easton,Kevin_Easton,Kevin_Easton_(Oregon),https://ballotpedia.org/Kevin_Easton
3488,3488,H2OR05209,"CHAVEZ-DEREMER, LORI",House,Challenger,Oregon,Republican Party,Lori,Chavez-deremer,Lori_Chavez-deremer,Lori_Chavez-deremer_(Oregon),https://ballotpedia.org/Lori_Chavez-deremer
3489,3489,H2OR05217,"DI PAOLA, JOHN",House,Challenger,Oregon,Republican Party,John,Di paola,John_Di paola,John_Di paola_(Oregon),https://ballotpedia.org/John_Di paola
3490,3490,H2OR05225,"OATMAN, MADISON",House,Challenger,Oregon,Republican Party,Madison,Oatman,Madison_Oatman,Madison_Oatman_(Oregon),https://ballotpedia.org/Madison_Oatman
3491,3491,H2OR05233,"ROSES, LAUREL",House,,Oregon,Republican Party,Laurel,Roses,Laurel_Roses,Laurel_Roses_(Oregon),https://ballotpedia.org/Laurel_Roses
3492,3492,H2OR06017,"SMITH, LORETTA",House,Open seat,Oregon,Democratic Party,Loretta,Smith,Loretta_Smith,Loretta_Smith_(Oregon),https://ballotpedia.org/Loretta_Smith
3493,3493,H2OR06025,"JACKSON, DERRY AL MR SR",House,Open seat,Oregon,Democratic Party,Derry,Jackson,Derry_Jackson,Derry_Jackson_(Oregon),https://ballotpedia.org/Derry_Jackson
3494,3494,H2OR06033,"PLOWHEAD, ANGELA",House,Open seat,Oregon,Republican Party,Angela,Plowhead,Angela_Plowhead,Angela_Plowhead_(Oregon),https://ballotpedia.org/Angela_Plowhead
3495,3495,H2OR06041,"WEST, MATTHEW",House,Open seat,Oregon,Democratic Party,Matthew,West,Matthew_West,Matthew_West_(Oregon),https://ballotpedia.org/Matthew_West
3496,3496,H2OR06058,"NOBLE, RON",House,Open seat,Oregon,Republican Party,Ron,Noble,Ron_Noble,Ron_Noble_(Oregon),https://ballotpedia.org/Ron_Noble
3497,3497,H2OR06066,"SALINAS, ANDREA",House,Open seat,Oregon,Democratic Party,Andrea,Salinas,Andrea_Salinas,Andrea_Salinas_(Oregon),https://ballotpedia.org/Andrea_Salinas
3498,3498,H2OR06074,"HARDER, KATHLEEN",House,Open seat,Oregon,Democratic Party,Kathleen,Harder,Kathleen_Harder,Kathleen_Harder_(Oregon),https://ballotpedia.org/Kathleen_Harder
3499,3499,H2OR06082,"HYLLAND, BRIAN GENE JR",House,Open seat,Oregon,Democratic Party,Brian,Hylland,Brian_Hylland,Brian_Hylland_(Oregon),https://ballotpedia.org/Brian_Hylland
